-- phpMyAdmin SQL Dump
-- version 3.2.4
-- http://www.phpmyadmin.net
--
-- Host: localhost
-- Generation Time: Apr 05, 2017 at 12:54 AM
-- Server version: 5.1.41
-- PHP Version: 5.3.1

SET SQL_MODE="NO_AUTO_VALUE_ON_ZERO";


/*!40101 SET @OLD_CHARACTER_SET_CLIENT=@@CHARACTER_SET_CLIENT */;
/*!40101 SET @OLD_CHARACTER_SET_RESULTS=@@CHARACTER_SET_RESULTS */;
/*!40101 SET @OLD_COLLATION_CONNECTION=@@COLLATION_CONNECTION */;
/*!40101 SET NAMES utf8 */;

--
-- Database: `fin_pro`
--

-- --------------------------------------------------------

--
-- Table structure for table `t_jdw_krj_def`
--

CREATE TABLE IF NOT EXISTS `t_jdw_krj_def` (
  `jdw_id` int(11) NOT NULL AUTO_INCREMENT,
  `pegawai_id` int(11) NOT NULL,
  `tgl` date NOT NULL,
  `jk_id` int(11) NOT NULL,
  PRIMARY KEY (`jdw_id`)
) ENGINE=MyISAM  DEFAULT CHARSET=latin1 AUTO_INCREMENT=3298 ;

--
-- Dumping data for table `t_jdw_krj_def`
--

INSERT INTO `t_jdw_krj_def` (`jdw_id`, `pegawai_id`, `tgl`, `jk_id`) VALUES
(2478, 1, '2018-01-07', 12),
(2477, 1, '2018-01-06', 11),
(2476, 1, '2018-01-05', 11),
(2475, 1, '2018-01-04', 11),
(2474, 1, '2018-01-03', 11),
(2473, 1, '2018-01-02', 11),
(2472, 1, '2018-01-01', 11),
(2471, 1, '2017-12-31', 17),
(2470, 1, '2017-12-30', 15),
(2469, 1, '2017-12-29', 14),
(2468, 1, '2017-12-28', 14),
(2467, 1, '2017-12-27', 14),
(2466, 1, '2017-12-26', 14),
(2465, 1, '2017-12-25', 14),
(2464, 1, '2017-12-24', 2),
(2463, 1, '2017-12-23', 1),
(2462, 1, '2017-12-22', 1),
(2461, 1, '2017-12-21', 1),
(2460, 1, '2017-12-20', 1),
(2459, 1, '2017-12-19', 1),
(2458, 1, '2017-12-18', 12),
(2457, 1, '2017-12-17', 11),
(2456, 1, '2017-12-16', 11),
(2455, 1, '2017-12-15', 11),
(2454, 1, '2017-12-14', 11),
(2453, 1, '2017-12-13', 11),
(2452, 1, '2017-12-12', 11),
(2451, 1, '2017-12-11', 17),
(2450, 1, '2017-12-10', 15),
(2449, 1, '2017-12-09', 14),
(2448, 1, '2017-12-08', 14),
(2447, 1, '2017-12-07', 14),
(2446, 1, '2017-12-06', 14),
(2445, 1, '2017-12-05', 14),
(2444, 1, '2017-12-04', 2),
(2443, 1, '2017-12-03', 1),
(2442, 1, '2017-12-02', 1),
(2441, 1, '2017-12-01', 1),
(2440, 1, '2017-11-30', 1),
(2439, 1, '2017-11-29', 1),
(2438, 1, '2017-11-28', 12),
(2437, 1, '2017-11-27', 11),
(2436, 1, '2017-11-26', 11),
(2435, 1, '2017-11-25', 11),
(2434, 1, '2017-11-24', 11),
(2433, 1, '2017-11-23', 11),
(2432, 1, '2017-11-22', 11),
(2431, 1, '2017-11-21', 17),
(2430, 1, '2017-11-20', 15),
(2429, 1, '2017-11-19', 14),
(2428, 1, '2017-11-18', 14),
(2427, 1, '2017-11-17', 14),
(2426, 1, '2017-11-16', 14),
(2425, 1, '2017-11-15', 14),
(2424, 1, '2017-11-14', 2),
(2423, 1, '2017-11-13', 1),
(2422, 1, '2017-11-12', 1),
(2421, 1, '2017-11-11', 1),
(2420, 1, '2017-11-10', 1),
(2419, 1, '2017-11-09', 1),
(2418, 1, '2017-11-08', 12),
(2417, 1, '2017-11-07', 11),
(2416, 1, '2017-11-06', 11),
(2415, 1, '2017-11-05', 11),
(2414, 1, '2017-11-04', 11),
(2413, 1, '2017-11-03', 11),
(2412, 1, '2017-11-02', 11),
(2411, 1, '2017-11-01', 17),
(2410, 1, '2017-10-31', 15),
(2409, 1, '2017-10-30', 14),
(2408, 1, '2017-10-29', 14),
(2407, 1, '2017-10-28', 14),
(2406, 1, '2017-10-27', 14),
(2405, 1, '2017-10-26', 14),
(2404, 1, '2017-10-25', 2),
(2403, 1, '2017-10-24', 1),
(2402, 1, '2017-10-23', 1),
(2401, 1, '2017-10-22', 1),
(2400, 1, '2017-10-21', 1),
(2399, 1, '2017-10-20', 1),
(2398, 1, '2017-10-19', 12),
(2397, 1, '2017-10-18', 11),
(2396, 1, '2017-10-17', 11),
(2395, 1, '2017-10-16', 11),
(2394, 1, '2017-10-15', 11),
(2393, 1, '2017-10-14', 11),
(2392, 1, '2017-10-13', 11),
(2391, 1, '2017-10-12', 17),
(2390, 1, '2017-10-11', 15),
(2389, 1, '2017-10-10', 14),
(2388, 1, '2017-10-09', 14),
(2387, 1, '2017-10-08', 14),
(2386, 1, '2017-10-07', 14),
(2385, 1, '2017-10-06', 14),
(2384, 1, '2017-10-05', 2),
(2383, 1, '2017-10-04', 1),
(2382, 1, '2017-10-03', 1),
(2381, 1, '2017-10-02', 1),
(2380, 1, '2017-10-01', 1),
(2379, 1, '2017-09-30', 1),
(2378, 1, '2017-09-29', 12),
(2377, 1, '2017-09-28', 11),
(2376, 1, '2017-09-27', 11),
(2375, 1, '2017-09-26', 11),
(2374, 1, '2017-09-25', 11),
(2373, 1, '2017-09-24', 11),
(2372, 1, '2017-09-23', 11),
(2371, 1, '2017-09-22', 17),
(2370, 1, '2017-09-21', 15),
(2369, 1, '2017-09-20', 14),
(2368, 1, '2017-09-19', 14),
(2367, 1, '2017-09-18', 14),
(2366, 1, '2017-09-17', 14),
(2365, 1, '2017-09-16', 14),
(2364, 1, '2017-09-15', 2),
(2363, 1, '2017-09-14', 1),
(2362, 1, '2017-09-13', 1),
(2361, 1, '2017-09-12', 1),
(2360, 1, '2017-09-11', 1),
(2359, 1, '2017-09-10', 1),
(2358, 1, '2017-09-09', 12),
(2357, 1, '2017-09-08', 11),
(2356, 1, '2017-09-07', 11),
(2355, 1, '2017-09-06', 11),
(2354, 1, '2017-09-05', 11),
(2353, 1, '2017-09-04', 11),
(2352, 1, '2017-09-03', 11),
(2351, 1, '2017-09-02', 17),
(2350, 1, '2017-09-01', 15),
(2349, 1, '2017-08-31', 14),
(2348, 1, '2017-08-30', 14),
(2347, 1, '2017-08-29', 14),
(2346, 1, '2017-08-28', 14),
(2345, 1, '2017-08-27', 14),
(2344, 1, '2017-08-26', 2),
(2343, 1, '2017-08-25', 1),
(2342, 1, '2017-08-24', 1),
(2341, 1, '2017-08-23', 1),
(2340, 1, '2017-08-22', 1),
(2339, 1, '2017-08-21', 1),
(2338, 1, '2017-08-20', 12),
(2337, 1, '2017-08-19', 11),
(2336, 1, '2017-08-18', 11),
(2335, 1, '2017-08-17', 11),
(2334, 1, '2017-08-16', 11),
(2333, 1, '2017-08-15', 11),
(2332, 1, '2017-08-14', 11),
(2331, 1, '2017-08-13', 17),
(2330, 1, '2017-08-12', 15),
(2329, 1, '2017-08-11', 14),
(2328, 1, '2017-08-10', 14),
(2327, 1, '2017-08-09', 14),
(2326, 1, '2017-08-08', 14),
(2325, 1, '2017-08-07', 14),
(2324, 1, '2017-08-06', 2),
(2323, 1, '2017-08-05', 1),
(2322, 1, '2017-08-04', 1),
(2321, 1, '2017-08-03', 1),
(2320, 1, '2017-08-02', 1),
(2319, 1, '2017-08-01', 1),
(2318, 1, '2017-07-31', 12),
(2317, 1, '2017-07-30', 11),
(2316, 1, '2017-07-29', 11),
(2315, 1, '2017-07-28', 11),
(2314, 1, '2017-07-27', 11),
(2313, 1, '2017-07-26', 11),
(2312, 1, '2017-07-25', 11),
(2311, 1, '2017-07-24', 17),
(2310, 1, '2017-07-23', 15),
(2309, 1, '2017-07-22', 14),
(2308, 1, '2017-07-21', 14),
(2307, 1, '2017-07-20', 14),
(2306, 1, '2017-07-19', 14),
(2305, 1, '2017-07-18', 14),
(2304, 1, '2017-07-17', 2),
(2303, 1, '2017-07-16', 1),
(2302, 1, '2017-07-15', 1),
(2301, 1, '2017-07-14', 1),
(2300, 1, '2017-07-13', 1),
(2299, 1, '2017-07-12', 1),
(2298, 1, '2017-07-11', 12),
(2297, 1, '2017-07-10', 11),
(2296, 1, '2017-07-09', 11),
(2295, 1, '2017-07-08', 11),
(2294, 1, '2017-07-07', 11),
(2293, 1, '2017-07-06', 11),
(2292, 1, '2017-07-05', 11),
(2291, 1, '2017-07-04', 17),
(2290, 1, '2017-07-03', 15),
(2289, 1, '2017-07-02', 14),
(2288, 1, '2017-07-01', 14),
(2287, 1, '2017-06-30', 14),
(2286, 1, '2017-06-29', 14),
(2285, 1, '2017-06-28', 14),
(2284, 1, '2017-06-27', 2),
(2283, 1, '2017-06-26', 1),
(2282, 1, '2017-06-25', 1),
(2281, 1, '2017-06-24', 1),
(2280, 1, '2017-06-23', 1),
(2279, 1, '2017-06-22', 1),
(2278, 1, '2017-06-21', 12),
(2277, 1, '2017-06-20', 11),
(2276, 1, '2017-06-19', 11),
(2275, 1, '2017-06-18', 11),
(2274, 1, '2017-06-17', 11),
(2273, 1, '2017-06-16', 11),
(2272, 1, '2017-06-15', 11),
(2271, 1, '2017-06-14', 17),
(2270, 1, '2017-06-13', 15),
(2269, 1, '2017-06-12', 14),
(2268, 1, '2017-06-11', 14),
(2267, 1, '2017-06-10', 14),
(2266, 1, '2017-06-09', 14),
(2265, 1, '2017-06-08', 14),
(2264, 1, '2017-06-07', 2),
(2263, 1, '2017-06-06', 1),
(2262, 1, '2017-06-05', 1),
(2261, 1, '2017-06-04', 1),
(2260, 1, '2017-06-03', 1),
(2259, 1, '2017-06-02', 1),
(2258, 1, '2017-06-01', 12),
(2257, 1, '2017-05-31', 11),
(2256, 1, '2017-05-30', 11),
(2255, 1, '2017-05-29', 11),
(2254, 1, '2017-05-28', 11),
(2253, 1, '2017-05-27', 11),
(2252, 1, '2017-05-26', 11),
(2251, 1, '2017-05-25', 17),
(2250, 1, '2017-05-24', 15),
(2249, 1, '2017-05-23', 14),
(2248, 1, '2017-05-22', 14),
(2247, 1, '2017-05-21', 14),
(2246, 1, '2017-05-20', 14),
(2245, 1, '2017-05-19', 14),
(2244, 1, '2017-05-18', 2),
(2243, 1, '2017-05-17', 1),
(2242, 1, '2017-05-16', 1),
(2241, 1, '2017-05-15', 1),
(2240, 1, '2017-05-14', 1),
(2239, 1, '2017-05-13', 1),
(2238, 1, '2017-05-12', 12),
(2237, 1, '2017-05-11', 11),
(2236, 1, '2017-05-10', 11),
(2235, 1, '2017-05-09', 11),
(2234, 1, '2017-05-08', 11),
(2233, 1, '2017-05-07', 11),
(2232, 1, '2017-05-06', 11),
(2231, 1, '2017-05-05', 17),
(2230, 1, '2017-05-04', 15),
(2229, 1, '2017-05-03', 14),
(2228, 1, '2017-05-02', 14),
(2227, 1, '2017-05-01', 14),
(2226, 1, '2017-04-30', 14),
(2225, 1, '2017-04-29', 14),
(2224, 1, '2017-04-28', 2),
(2223, 1, '2017-04-27', 1),
(2222, 1, '2017-04-26', 1),
(2221, 1, '2017-04-25', 1),
(2220, 1, '2017-04-24', 1),
(2219, 1, '2017-04-23', 1),
(2218, 1, '2017-04-22', 12),
(2217, 1, '2017-04-21', 11),
(2216, 1, '2017-04-20', 11),
(2215, 1, '2017-04-19', 11),
(2214, 1, '2017-04-18', 11),
(2213, 1, '2017-04-17', 11),
(2212, 1, '2017-04-16', 11),
(2211, 1, '2017-04-15', 17),
(2210, 1, '2017-04-14', 15),
(2209, 1, '2017-04-13', 14),
(2208, 1, '2017-04-12', 14),
(2207, 1, '2017-04-11', 14),
(2206, 1, '2017-04-10', 14),
(2205, 1, '2017-04-09', 14),
(2204, 1, '2017-04-08', 2),
(2203, 1, '2017-04-07', 1),
(2202, 1, '2017-04-06', 1),
(2201, 1, '2017-04-05', 1),
(2200, 1, '2017-04-04', 1),
(2199, 1, '2017-04-03', 1),
(2751, 2, '2017-12-31', 1),
(2750, 2, '2017-12-30', 2),
(2749, 2, '2017-12-29', 1),
(2748, 2, '2017-12-28', 1),
(2747, 2, '2017-12-27', 1),
(2746, 2, '2017-12-26', 1),
(2745, 2, '2017-12-25', 1),
(2744, 2, '2017-12-24', 1),
(2743, 2, '2017-12-23', 2),
(2742, 2, '2017-12-22', 1),
(2741, 2, '2017-12-21', 1),
(2740, 2, '2017-12-20', 1),
(2739, 2, '2017-12-19', 1),
(2738, 2, '2017-12-18', 1),
(2737, 2, '2017-12-17', 1),
(2736, 2, '2017-12-16', 2),
(2735, 2, '2017-12-15', 1),
(2734, 2, '2017-12-14', 1),
(2733, 2, '2017-12-13', 1),
(2732, 2, '2017-12-12', 1),
(2731, 2, '2017-12-11', 1),
(2730, 2, '2017-12-10', 1),
(2729, 2, '2017-12-09', 2),
(2728, 2, '2017-12-08', 1),
(2727, 2, '2017-12-07', 1),
(2726, 2, '2017-12-06', 1),
(2725, 2, '2017-12-05', 1),
(2724, 2, '2017-12-04', 1),
(2723, 2, '2017-12-03', 1),
(2722, 2, '2017-12-02', 2),
(2721, 2, '2017-12-01', 1),
(2720, 2, '2017-11-30', 1),
(2719, 2, '2017-11-29', 1),
(2718, 2, '2017-11-28', 1),
(2717, 2, '2017-11-27', 1),
(2716, 2, '2017-11-26', 1),
(2715, 2, '2017-11-25', 2),
(2714, 2, '2017-11-24', 1),
(2713, 2, '2017-11-23', 1),
(2712, 2, '2017-11-22', 1),
(2711, 2, '2017-11-21', 1),
(2710, 2, '2017-11-20', 1),
(2709, 2, '2017-11-19', 1),
(2708, 2, '2017-11-18', 2),
(2707, 2, '2017-11-17', 1),
(2706, 2, '2017-11-16', 1),
(2705, 2, '2017-11-15', 1),
(2704, 2, '2017-11-14', 1),
(2703, 2, '2017-11-13', 1),
(2702, 2, '2017-11-12', 1),
(2701, 2, '2017-11-11', 2),
(2700, 2, '2017-11-10', 1),
(2699, 2, '2017-11-09', 1),
(2698, 2, '2017-11-08', 1),
(2697, 2, '2017-11-07', 1),
(2696, 2, '2017-11-06', 1),
(2695, 2, '2017-11-05', 1),
(2694, 2, '2017-11-04', 2),
(2693, 2, '2017-11-03', 1),
(2692, 2, '2017-11-02', 1),
(2691, 2, '2017-11-01', 1),
(2690, 2, '2017-10-31', 1),
(2689, 2, '2017-10-30', 1),
(2688, 2, '2017-10-29', 1),
(2687, 2, '2017-10-28', 2),
(2686, 2, '2017-10-27', 1),
(2685, 2, '2017-10-26', 1),
(2684, 2, '2017-10-25', 1),
(2683, 2, '2017-10-24', 1),
(2682, 2, '2017-10-23', 1),
(2681, 2, '2017-10-22', 1),
(2680, 2, '2017-10-21', 2),
(2679, 2, '2017-10-20', 1),
(2678, 2, '2017-10-19', 1),
(2677, 2, '2017-10-18', 1),
(2676, 2, '2017-10-17', 1),
(2675, 2, '2017-10-16', 1),
(2674, 2, '2017-10-15', 1),
(2673, 2, '2017-10-14', 2),
(2672, 2, '2017-10-13', 1),
(2671, 2, '2017-10-12', 1),
(2670, 2, '2017-10-11', 1),
(2669, 2, '2017-10-10', 1),
(2668, 2, '2017-10-09', 1),
(2667, 2, '2017-10-08', 1),
(2666, 2, '2017-10-07', 2),
(2665, 2, '2017-10-06', 1),
(2664, 2, '2017-10-05', 1),
(2663, 2, '2017-10-04', 1),
(2662, 2, '2017-10-03', 1),
(2661, 2, '2017-10-02', 1),
(2660, 2, '2017-10-01', 1),
(2659, 2, '2017-09-30', 2),
(2658, 2, '2017-09-29', 1),
(2657, 2, '2017-09-28', 1),
(2656, 2, '2017-09-27', 1),
(2655, 2, '2017-09-26', 1),
(2654, 2, '2017-09-25', 1),
(2653, 2, '2017-09-24', 1),
(2652, 2, '2017-09-23', 2),
(2651, 2, '2017-09-22', 1),
(2650, 2, '2017-09-21', 1),
(2649, 2, '2017-09-20', 1),
(2648, 2, '2017-09-19', 1),
(2647, 2, '2017-09-18', 1),
(2646, 2, '2017-09-17', 1),
(2645, 2, '2017-09-16', 2),
(2644, 2, '2017-09-15', 1),
(2643, 2, '2017-09-14', 1),
(2642, 2, '2017-09-13', 1),
(2641, 2, '2017-09-12', 1),
(2640, 2, '2017-09-11', 1),
(2639, 2, '2017-09-10', 1),
(2638, 2, '2017-09-09', 2),
(2637, 2, '2017-09-08', 1),
(2636, 2, '2017-09-07', 1),
(2635, 2, '2017-09-06', 1),
(2634, 2, '2017-09-05', 1),
(2633, 2, '2017-09-04', 1),
(2632, 2, '2017-09-03', 1),
(2631, 2, '2017-09-02', 2),
(2630, 2, '2017-09-01', 1),
(2629, 2, '2017-08-31', 1),
(2628, 2, '2017-08-30', 1),
(2627, 2, '2017-08-29', 1),
(2626, 2, '2017-08-28', 1),
(2625, 2, '2017-08-27', 1),
(2624, 2, '2017-08-26', 2),
(2623, 2, '2017-08-25', 1),
(2622, 2, '2017-08-24', 1),
(2621, 2, '2017-08-23', 1),
(2620, 2, '2017-08-22', 1),
(2619, 2, '2017-08-21', 1),
(2618, 2, '2017-08-20', 1),
(2617, 2, '2017-08-19', 2),
(2616, 2, '2017-08-18', 1),
(2615, 2, '2017-08-17', 1),
(2614, 2, '2017-08-16', 1),
(2613, 2, '2017-08-15', 1),
(2612, 2, '2017-08-14', 1),
(2611, 2, '2017-08-13', 1),
(2610, 2, '2017-08-12', 2),
(2609, 2, '2017-08-11', 1),
(2608, 2, '2017-08-10', 1),
(2607, 2, '2017-08-09', 1),
(2606, 2, '2017-08-08', 1),
(2605, 2, '2017-08-07', 1),
(2604, 2, '2017-08-06', 1),
(2603, 2, '2017-08-05', 2),
(2602, 2, '2017-08-04', 1),
(2601, 2, '2017-08-03', 1),
(2600, 2, '2017-08-02', 1),
(2599, 2, '2017-08-01', 1),
(2598, 2, '2017-07-31', 1),
(2597, 2, '2017-07-30', 1),
(2596, 2, '2017-07-29', 2),
(2595, 2, '2017-07-28', 1),
(2594, 2, '2017-07-27', 1),
(2593, 2, '2017-07-26', 1),
(2592, 2, '2017-07-25', 1),
(2591, 2, '2017-07-24', 1),
(2590, 2, '2017-07-23', 1),
(2589, 2, '2017-07-22', 2),
(2588, 2, '2017-07-21', 1),
(2587, 2, '2017-07-20', 1),
(2586, 2, '2017-07-19', 1),
(2585, 2, '2017-07-18', 1),
(2584, 2, '2017-07-17', 1),
(2583, 2, '2017-07-16', 1),
(2582, 2, '2017-07-15', 2),
(2581, 2, '2017-07-14', 1),
(2580, 2, '2017-07-13', 1),
(2579, 2, '2017-07-12', 1),
(2578, 2, '2017-07-11', 1),
(2577, 2, '2017-07-10', 1),
(2576, 2, '2017-07-09', 1),
(2575, 2, '2017-07-08', 2),
(2574, 2, '2017-07-07', 1),
(2573, 2, '2017-07-06', 1),
(2572, 2, '2017-07-05', 1),
(2571, 2, '2017-07-04', 1),
(2570, 2, '2017-07-03', 1),
(2569, 2, '2017-07-02', 1),
(2568, 2, '2017-07-01', 2),
(2567, 2, '2017-06-30', 1),
(2566, 2, '2017-06-29', 1),
(2565, 2, '2017-06-28', 1),
(2564, 2, '2017-06-27', 1),
(2563, 2, '2017-06-26', 1),
(2562, 2, '2017-06-25', 1),
(2561, 2, '2017-06-24', 2),
(2560, 2, '2017-06-23', 1),
(2559, 2, '2017-06-22', 1),
(2558, 2, '2017-06-21', 1),
(2557, 2, '2017-06-20', 1),
(2556, 2, '2017-06-19', 1),
(2555, 2, '2017-06-18', 1),
(2554, 2, '2017-06-17', 2),
(2553, 2, '2017-06-16', 1),
(2552, 2, '2017-06-15', 1),
(2551, 2, '2017-06-14', 1),
(2550, 2, '2017-06-13', 1),
(2549, 2, '2017-06-12', 1),
(2548, 2, '2017-06-11', 1),
(2547, 2, '2017-06-10', 2),
(2546, 2, '2017-06-09', 1),
(2545, 2, '2017-06-08', 1),
(2544, 2, '2017-06-07', 1),
(2543, 2, '2017-06-06', 1),
(2542, 2, '2017-06-05', 1),
(2541, 2, '2017-06-04', 1),
(2540, 2, '2017-06-03', 2),
(2539, 2, '2017-06-02', 1),
(2538, 2, '2017-06-01', 1),
(2537, 2, '2017-05-31', 1),
(2536, 2, '2017-05-30', 1),
(2535, 2, '2017-05-29', 1),
(2534, 2, '2017-05-28', 1),
(2533, 2, '2017-05-27', 2),
(2532, 2, '2017-05-26', 1),
(2531, 2, '2017-05-25', 1),
(2530, 2, '2017-05-24', 1),
(2529, 2, '2017-05-23', 1),
(2528, 2, '2017-05-22', 1),
(2527, 2, '2017-05-21', 1),
(2526, 2, '2017-05-20', 2),
(2525, 2, '2017-05-19', 1),
(2524, 2, '2017-05-18', 1),
(2523, 2, '2017-05-17', 1),
(2522, 2, '2017-05-16', 1),
(2521, 2, '2017-05-15', 1),
(2520, 2, '2017-05-14', 1),
(2519, 2, '2017-05-13', 2),
(2518, 2, '2017-05-12', 1),
(2517, 2, '2017-05-11', 1),
(2516, 2, '2017-05-10', 1),
(2515, 2, '2017-05-09', 1),
(2514, 2, '2017-05-08', 1),
(2513, 2, '2017-05-07', 1),
(2512, 2, '2017-05-06', 2),
(2511, 2, '2017-05-05', 1),
(2510, 2, '2017-05-04', 1),
(2509, 2, '2017-05-03', 1),
(2508, 2, '2017-05-02', 1),
(2507, 2, '2017-05-01', 1),
(2506, 2, '2017-04-30', 1),
(2505, 2, '2017-04-29', 2),
(2504, 2, '2017-04-28', 1),
(2503, 2, '2017-04-27', 1),
(2502, 2, '2017-04-26', 1),
(2501, 2, '2017-04-25', 1),
(2500, 2, '2017-04-24', 1),
(2499, 2, '2017-04-23', 1),
(2498, 2, '2017-04-22', 2),
(2497, 2, '2017-04-21', 1),
(2496, 2, '2017-04-20', 1),
(2495, 2, '2017-04-19', 1),
(2494, 2, '2017-04-18', 1),
(2493, 2, '2017-04-17', 1),
(2492, 2, '2017-04-16', 1),
(2491, 2, '2017-04-15', 2),
(2490, 2, '2017-04-14', 1),
(2489, 2, '2017-04-13', 1),
(2488, 2, '2017-04-12', 1),
(2487, 2, '2017-04-11', 1),
(2486, 2, '2017-04-10', 1),
(2485, 2, '2017-04-09', 1),
(2484, 2, '2017-04-08', 2),
(2483, 2, '2017-04-07', 1),
(2482, 2, '2017-04-06', 1),
(2481, 2, '2017-04-05', 1),
(2480, 2, '2017-04-04', 1),
(2479, 2, '2017-04-03', 1),
(3024, 3, '2017-12-31', 3),
(3023, 3, '2017-12-30', 3),
(3022, 3, '2017-12-29', 3),
(3021, 3, '2017-12-28', 3),
(3020, 3, '2017-12-27', 3),
(3019, 3, '2017-12-26', 3),
(3018, 3, '2017-12-25', 3),
(3017, 3, '2017-12-24', 3),
(3016, 3, '2017-12-23', 3),
(3015, 3, '2017-12-22', 3),
(3014, 3, '2017-12-21', 3),
(3013, 3, '2017-12-20', 3),
(3012, 3, '2017-12-19', 3),
(3011, 3, '2017-12-18', 3),
(3010, 3, '2017-12-17', 3),
(3009, 3, '2017-12-16', 3),
(3008, 3, '2017-12-15', 3),
(3007, 3, '2017-12-14', 3),
(3006, 3, '2017-12-13', 3),
(3005, 3, '2017-12-12', 3),
(3004, 3, '2017-12-11', 3),
(3003, 3, '2017-12-10', 3),
(3002, 3, '2017-12-09', 3),
(3001, 3, '2017-12-08', 3),
(3000, 3, '2017-12-07', 3),
(2999, 3, '2017-12-06', 3),
(2998, 3, '2017-12-05', 3),
(2997, 3, '2017-12-04', 3),
(2996, 3, '2017-12-03', 3),
(2995, 3, '2017-12-02', 3),
(2994, 3, '2017-12-01', 3),
(2993, 3, '2017-11-30', 3),
(2992, 3, '2017-11-29', 3),
(2991, 3, '2017-11-28', 3),
(2990, 3, '2017-11-27', 3),
(2989, 3, '2017-11-26', 3),
(2988, 3, '2017-11-25', 3),
(2987, 3, '2017-11-24', 3),
(2986, 3, '2017-11-23', 3),
(2985, 3, '2017-11-22', 3),
(2984, 3, '2017-11-21', 3),
(2983, 3, '2017-11-20', 3),
(2982, 3, '2017-11-19', 3),
(2981, 3, '2017-11-18', 3),
(2980, 3, '2017-11-17', 3),
(2979, 3, '2017-11-16', 3),
(2978, 3, '2017-11-15', 3),
(2977, 3, '2017-11-14', 3),
(2976, 3, '2017-11-13', 3),
(2975, 3, '2017-11-12', 3),
(2974, 3, '2017-11-11', 3),
(2973, 3, '2017-11-10', 3),
(2972, 3, '2017-11-09', 3),
(2971, 3, '2017-11-08', 3),
(2970, 3, '2017-11-07', 3),
(2969, 3, '2017-11-06', 3),
(2968, 3, '2017-11-05', 3),
(2967, 3, '2017-11-04', 3),
(2966, 3, '2017-11-03', 3),
(2965, 3, '2017-11-02', 3),
(2964, 3, '2017-11-01', 3),
(2963, 3, '2017-10-31', 3),
(2962, 3, '2017-10-30', 3),
(2961, 3, '2017-10-29', 3),
(2960, 3, '2017-10-28', 3),
(2959, 3, '2017-10-27', 3),
(2958, 3, '2017-10-26', 3),
(2957, 3, '2017-10-25', 3),
(2956, 3, '2017-10-24', 3),
(2955, 3, '2017-10-23', 3),
(2954, 3, '2017-10-22', 3),
(2953, 3, '2017-10-21', 3),
(2952, 3, '2017-10-20', 3),
(2951, 3, '2017-10-19', 3),
(2950, 3, '2017-10-18', 3),
(2949, 3, '2017-10-17', 3),
(2948, 3, '2017-10-16', 3),
(2947, 3, '2017-10-15', 3),
(2946, 3, '2017-10-14', 3),
(2945, 3, '2017-10-13', 3),
(2944, 3, '2017-10-12', 3),
(2943, 3, '2017-10-11', 3),
(2942, 3, '2017-10-10', 3),
(2941, 3, '2017-10-09', 3),
(2940, 3, '2017-10-08', 3),
(2939, 3, '2017-10-07', 3),
(2938, 3, '2017-10-06', 3),
(2937, 3, '2017-10-05', 3),
(2936, 3, '2017-10-04', 3),
(2935, 3, '2017-10-03', 3),
(2934, 3, '2017-10-02', 3),
(2933, 3, '2017-10-01', 3),
(2932, 3, '2017-09-30', 3),
(2931, 3, '2017-09-29', 3),
(2930, 3, '2017-09-28', 3),
(2929, 3, '2017-09-27', 3),
(2928, 3, '2017-09-26', 3),
(2927, 3, '2017-09-25', 3),
(2926, 3, '2017-09-24', 3),
(2925, 3, '2017-09-23', 3),
(2924, 3, '2017-09-22', 3),
(2923, 3, '2017-09-21', 3),
(2922, 3, '2017-09-20', 3),
(2921, 3, '2017-09-19', 3),
(2920, 3, '2017-09-18', 3),
(2919, 3, '2017-09-17', 3),
(2918, 3, '2017-09-16', 3),
(2917, 3, '2017-09-15', 3),
(2916, 3, '2017-09-14', 3),
(2915, 3, '2017-09-13', 3),
(2914, 3, '2017-09-12', 3),
(2913, 3, '2017-09-11', 3),
(2912, 3, '2017-09-10', 3),
(2911, 3, '2017-09-09', 3),
(2910, 3, '2017-09-08', 3),
(2909, 3, '2017-09-07', 3),
(2908, 3, '2017-09-06', 3),
(2907, 3, '2017-09-05', 3),
(2906, 3, '2017-09-04', 3),
(2905, 3, '2017-09-03', 3),
(2904, 3, '2017-09-02', 3),
(2903, 3, '2017-09-01', 3),
(2902, 3, '2017-08-31', 3),
(2901, 3, '2017-08-30', 3),
(2900, 3, '2017-08-29', 3),
(2899, 3, '2017-08-28', 3),
(2898, 3, '2017-08-27', 3),
(2897, 3, '2017-08-26', 3),
(2896, 3, '2017-08-25', 3),
(2895, 3, '2017-08-24', 3),
(2894, 3, '2017-08-23', 3),
(2893, 3, '2017-08-22', 3),
(2892, 3, '2017-08-21', 3),
(2891, 3, '2017-08-20', 3),
(2890, 3, '2017-08-19', 3),
(2889, 3, '2017-08-18', 3),
(2888, 3, '2017-08-17', 3),
(2887, 3, '2017-08-16', 3),
(2886, 3, '2017-08-15', 3),
(2885, 3, '2017-08-14', 3),
(2884, 3, '2017-08-13', 3),
(2883, 3, '2017-08-12', 3),
(2882, 3, '2017-08-11', 3),
(2881, 3, '2017-08-10', 3),
(2880, 3, '2017-08-09', 3),
(2879, 3, '2017-08-08', 3),
(2878, 3, '2017-08-07', 3),
(2877, 3, '2017-08-06', 3),
(2876, 3, '2017-08-05', 3),
(2875, 3, '2017-08-04', 3),
(2874, 3, '2017-08-03', 3),
(2873, 3, '2017-08-02', 3),
(2872, 3, '2017-08-01', 3),
(2871, 3, '2017-07-31', 3),
(2870, 3, '2017-07-30', 3),
(2869, 3, '2017-07-29', 3),
(2868, 3, '2017-07-28', 3),
(2867, 3, '2017-07-27', 3),
(2866, 3, '2017-07-26', 3),
(2865, 3, '2017-07-25', 3),
(2864, 3, '2017-07-24', 3),
(2863, 3, '2017-07-23', 3),
(2862, 3, '2017-07-22', 3),
(2861, 3, '2017-07-21', 3),
(2860, 3, '2017-07-20', 3),
(2859, 3, '2017-07-19', 3),
(2858, 3, '2017-07-18', 3),
(2857, 3, '2017-07-17', 3),
(2856, 3, '2017-07-16', 3),
(2855, 3, '2017-07-15', 3),
(2854, 3, '2017-07-14', 3),
(2853, 3, '2017-07-13', 3),
(2852, 3, '2017-07-12', 3),
(2851, 3, '2017-07-11', 3),
(2850, 3, '2017-07-10', 3),
(2849, 3, '2017-07-09', 3),
(2848, 3, '2017-07-08', 3),
(2847, 3, '2017-07-07', 3),
(2846, 3, '2017-07-06', 3),
(2845, 3, '2017-07-05', 3),
(2844, 3, '2017-07-04', 3),
(2843, 3, '2017-07-03', 3),
(2842, 3, '2017-07-02', 3),
(2841, 3, '2017-07-01', 3),
(2840, 3, '2017-06-30', 3),
(2839, 3, '2017-06-29', 3),
(2838, 3, '2017-06-28', 3),
(2837, 3, '2017-06-27', 3),
(2836, 3, '2017-06-26', 3),
(2835, 3, '2017-06-25', 3),
(2834, 3, '2017-06-24', 3),
(2833, 3, '2017-06-23', 3),
(2832, 3, '2017-06-22', 3),
(2831, 3, '2017-06-21', 3),
(2830, 3, '2017-06-20', 3),
(2829, 3, '2017-06-19', 3),
(2828, 3, '2017-06-18', 3),
(2827, 3, '2017-06-17', 3),
(2826, 3, '2017-06-16', 3),
(2825, 3, '2017-06-15', 3),
(2824, 3, '2017-06-14', 3),
(2823, 3, '2017-06-13', 3),
(2822, 3, '2017-06-12', 3),
(2821, 3, '2017-06-11', 3),
(2820, 3, '2017-06-10', 3),
(2819, 3, '2017-06-09', 3),
(2818, 3, '2017-06-08', 3),
(2817, 3, '2017-06-07', 3),
(2816, 3, '2017-06-06', 3),
(2815, 3, '2017-06-05', 3),
(2814, 3, '2017-06-04', 3),
(2813, 3, '2017-06-03', 3),
(2812, 3, '2017-06-02', 3),
(2811, 3, '2017-06-01', 3),
(2810, 3, '2017-05-31', 3),
(2809, 3, '2017-05-30', 3),
(2808, 3, '2017-05-29', 3),
(2807, 3, '2017-05-28', 3),
(2806, 3, '2017-05-27', 3),
(2805, 3, '2017-05-26', 3),
(2804, 3, '2017-05-25', 3),
(2803, 3, '2017-05-24', 3),
(2802, 3, '2017-05-23', 3),
(2801, 3, '2017-05-22', 3),
(2800, 3, '2017-05-21', 3),
(2799, 3, '2017-05-20', 3),
(2798, 3, '2017-05-19', 3),
(2797, 3, '2017-05-18', 3),
(2796, 3, '2017-05-17', 3),
(2795, 3, '2017-05-16', 3),
(2794, 3, '2017-05-15', 3),
(2793, 3, '2017-05-14', 3),
(2792, 3, '2017-05-13', 3),
(2791, 3, '2017-05-12', 3),
(2790, 3, '2017-05-11', 3),
(2789, 3, '2017-05-10', 3),
(2788, 3, '2017-05-09', 3),
(2787, 3, '2017-05-08', 3),
(2786, 3, '2017-05-07', 3),
(2785, 3, '2017-05-06', 3),
(2784, 3, '2017-05-05', 3),
(2783, 3, '2017-05-04', 3),
(2782, 3, '2017-05-03', 3),
(2781, 3, '2017-05-02', 3),
(2780, 3, '2017-05-01', 3),
(2779, 3, '2017-04-30', 3),
(2778, 3, '2017-04-29', 3),
(2777, 3, '2017-04-28', 3),
(2776, 3, '2017-04-27', 3),
(2775, 3, '2017-04-26', 3),
(2774, 3, '2017-04-25', 3),
(2773, 3, '2017-04-24', 3),
(2772, 3, '2017-04-23', 3),
(2771, 3, '2017-04-22', 3),
(2770, 3, '2017-04-21', 3),
(2769, 3, '2017-04-20', 3),
(2768, 3, '2017-04-19', 3),
(2767, 3, '2017-04-18', 3),
(2766, 3, '2017-04-17', 3),
(2765, 3, '2017-04-16', 3),
(2764, 3, '2017-04-15', 3),
(2763, 3, '2017-04-14', 3),
(2762, 3, '2017-04-13', 3),
(2761, 3, '2017-04-12', 3),
(2760, 3, '2017-04-11', 3),
(2759, 3, '2017-04-10', 3),
(2758, 3, '2017-04-09', 3),
(2757, 3, '2017-04-08', 3),
(2756, 3, '2017-04-07', 3),
(2755, 3, '2017-04-06', 3),
(2754, 3, '2017-04-05', 3),
(2753, 3, '2017-04-04', 3),
(2752, 3, '2017-04-03', 3),
(3297, 4, '2017-12-31', 3),
(3296, 4, '2017-12-30', 3),
(3295, 4, '2017-12-29', 3),
(3294, 4, '2017-12-28', 3),
(3293, 4, '2017-12-27', 3),
(3292, 4, '2017-12-26', 3),
(3291, 4, '2017-12-25', 3),
(3290, 4, '2017-12-24', 3),
(3289, 4, '2017-12-23', 3),
(3288, 4, '2017-12-22', 3),
(3287, 4, '2017-12-21', 3),
(3286, 4, '2017-12-20', 3),
(3285, 4, '2017-12-19', 3),
(3284, 4, '2017-12-18', 3),
(3283, 4, '2017-12-17', 3),
(3282, 4, '2017-12-16', 3),
(3281, 4, '2017-12-15', 3),
(3280, 4, '2017-12-14', 3),
(3279, 4, '2017-12-13', 3),
(3278, 4, '2017-12-12', 3),
(3277, 4, '2017-12-11', 3),
(3276, 4, '2017-12-10', 3),
(3275, 4, '2017-12-09', 3),
(3274, 4, '2017-12-08', 3),
(3273, 4, '2017-12-07', 3),
(3272, 4, '2017-12-06', 3),
(3271, 4, '2017-12-05', 3),
(3270, 4, '2017-12-04', 3),
(3269, 4, '2017-12-03', 3),
(3268, 4, '2017-12-02', 3),
(3267, 4, '2017-12-01', 3),
(3266, 4, '2017-11-30', 3),
(3265, 4, '2017-11-29', 3),
(3264, 4, '2017-11-28', 3),
(3263, 4, '2017-11-27', 3),
(3262, 4, '2017-11-26', 3),
(3261, 4, '2017-11-25', 3),
(3260, 4, '2017-11-24', 3),
(3259, 4, '2017-11-23', 3),
(3258, 4, '2017-11-22', 3),
(3257, 4, '2017-11-21', 3),
(3256, 4, '2017-11-20', 3),
(3255, 4, '2017-11-19', 3),
(3254, 4, '2017-11-18', 3),
(3253, 4, '2017-11-17', 3),
(3252, 4, '2017-11-16', 3),
(3251, 4, '2017-11-15', 3),
(3250, 4, '2017-11-14', 3),
(3249, 4, '2017-11-13', 3),
(3248, 4, '2017-11-12', 3),
(3247, 4, '2017-11-11', 3),
(3246, 4, '2017-11-10', 3),
(3245, 4, '2017-11-09', 3),
(3244, 4, '2017-11-08', 3),
(3243, 4, '2017-11-07', 3),
(3242, 4, '2017-11-06', 3),
(3241, 4, '2017-11-05', 3),
(3240, 4, '2017-11-04', 3),
(3239, 4, '2017-11-03', 3),
(3238, 4, '2017-11-02', 3),
(3237, 4, '2017-11-01', 3),
(3236, 4, '2017-10-31', 3),
(3235, 4, '2017-10-30', 3),
(3234, 4, '2017-10-29', 3),
(3233, 4, '2017-10-28', 3),
(3232, 4, '2017-10-27', 3),
(3231, 4, '2017-10-26', 3),
(3230, 4, '2017-10-25', 3),
(3229, 4, '2017-10-24', 3),
(3228, 4, '2017-10-23', 3),
(3227, 4, '2017-10-22', 3),
(3226, 4, '2017-10-21', 3),
(3225, 4, '2017-10-20', 3),
(3224, 4, '2017-10-19', 3),
(3223, 4, '2017-10-18', 3),
(3222, 4, '2017-10-17', 3),
(3221, 4, '2017-10-16', 3),
(3220, 4, '2017-10-15', 3),
(3219, 4, '2017-10-14', 3),
(3218, 4, '2017-10-13', 3),
(3217, 4, '2017-10-12', 3),
(3216, 4, '2017-10-11', 3),
(3215, 4, '2017-10-10', 3),
(3214, 4, '2017-10-09', 3),
(3213, 4, '2017-10-08', 3),
(3212, 4, '2017-10-07', 3),
(3211, 4, '2017-10-06', 3),
(3210, 4, '2017-10-05', 3),
(3209, 4, '2017-10-04', 3),
(3208, 4, '2017-10-03', 3),
(3207, 4, '2017-10-02', 3),
(3206, 4, '2017-10-01', 3),
(3205, 4, '2017-09-30', 3),
(3204, 4, '2017-09-29', 3),
(3203, 4, '2017-09-28', 3),
(3202, 4, '2017-09-27', 3),
(3201, 4, '2017-09-26', 3),
(3200, 4, '2017-09-25', 3),
(3199, 4, '2017-09-24', 3),
(3198, 4, '2017-09-23', 3),
(3197, 4, '2017-09-22', 3),
(3196, 4, '2017-09-21', 3),
(3195, 4, '2017-09-20', 3),
(3194, 4, '2017-09-19', 3),
(3193, 4, '2017-09-18', 3),
(3192, 4, '2017-09-17', 3),
(3191, 4, '2017-09-16', 3),
(3190, 4, '2017-09-15', 3),
(3189, 4, '2017-09-14', 3),
(3188, 4, '2017-09-13', 3),
(3187, 4, '2017-09-12', 3),
(3186, 4, '2017-09-11', 3),
(3185, 4, '2017-09-10', 3),
(3184, 4, '2017-09-09', 3),
(3183, 4, '2017-09-08', 3),
(3182, 4, '2017-09-07', 3),
(3181, 4, '2017-09-06', 3),
(3180, 4, '2017-09-05', 3),
(3179, 4, '2017-09-04', 3),
(3178, 4, '2017-09-03', 3),
(3177, 4, '2017-09-02', 3),
(3176, 4, '2017-09-01', 3),
(3175, 4, '2017-08-31', 3),
(3174, 4, '2017-08-30', 3),
(3173, 4, '2017-08-29', 3),
(3172, 4, '2017-08-28', 3),
(3171, 4, '2017-08-27', 3),
(3170, 4, '2017-08-26', 3),
(3169, 4, '2017-08-25', 3),
(3168, 4, '2017-08-24', 3),
(3167, 4, '2017-08-23', 3),
(3166, 4, '2017-08-22', 3),
(3165, 4, '2017-08-21', 3),
(3164, 4, '2017-08-20', 3),
(3163, 4, '2017-08-19', 3),
(3162, 4, '2017-08-18', 3),
(3161, 4, '2017-08-17', 3),
(3160, 4, '2017-08-16', 3),
(3159, 4, '2017-08-15', 3),
(3158, 4, '2017-08-14', 3),
(3157, 4, '2017-08-13', 3),
(3156, 4, '2017-08-12', 3),
(3155, 4, '2017-08-11', 3),
(3154, 4, '2017-08-10', 3),
(3153, 4, '2017-08-09', 3),
(3152, 4, '2017-08-08', 3),
(3151, 4, '2017-08-07', 3),
(3150, 4, '2017-08-06', 3),
(3149, 4, '2017-08-05', 3),
(3148, 4, '2017-08-04', 3),
(3147, 4, '2017-08-03', 3),
(3146, 4, '2017-08-02', 3),
(3145, 4, '2017-08-01', 3),
(3144, 4, '2017-07-31', 3),
(3143, 4, '2017-07-30', 3),
(3142, 4, '2017-07-29', 3),
(3141, 4, '2017-07-28', 3),
(3140, 4, '2017-07-27', 3),
(3139, 4, '2017-07-26', 3),
(3138, 4, '2017-07-25', 3),
(3137, 4, '2017-07-24', 3),
(3136, 4, '2017-07-23', 3),
(3135, 4, '2017-07-22', 3),
(3134, 4, '2017-07-21', 3),
(3133, 4, '2017-07-20', 3),
(3132, 4, '2017-07-19', 3),
(3131, 4, '2017-07-18', 3),
(3130, 4, '2017-07-17', 3),
(3129, 4, '2017-07-16', 3),
(3128, 4, '2017-07-15', 3),
(3127, 4, '2017-07-14', 3),
(3126, 4, '2017-07-13', 3),
(3125, 4, '2017-07-12', 3),
(3124, 4, '2017-07-11', 3),
(3123, 4, '2017-07-10', 3),
(3122, 4, '2017-07-09', 3),
(3121, 4, '2017-07-08', 3),
(3120, 4, '2017-07-07', 3),
(3119, 4, '2017-07-06', 3),
(3118, 4, '2017-07-05', 3),
(3117, 4, '2017-07-04', 3),
(3116, 4, '2017-07-03', 3),
(3115, 4, '2017-07-02', 3),
(3114, 4, '2017-07-01', 3),
(3113, 4, '2017-06-30', 3),
(3112, 4, '2017-06-29', 3),
(3111, 4, '2017-06-28', 3),
(3110, 4, '2017-06-27', 3),
(3109, 4, '2017-06-26', 3),
(3108, 4, '2017-06-25', 3),
(3107, 4, '2017-06-24', 3),
(3106, 4, '2017-06-23', 3),
(3105, 4, '2017-06-22', 3),
(3104, 4, '2017-06-21', 3),
(3103, 4, '2017-06-20', 3),
(3102, 4, '2017-06-19', 3),
(3101, 4, '2017-06-18', 3),
(3100, 4, '2017-06-17', 3),
(3099, 4, '2017-06-16', 3),
(3098, 4, '2017-06-15', 3),
(3097, 4, '2017-06-14', 3),
(3096, 4, '2017-06-13', 3),
(3095, 4, '2017-06-12', 3),
(3094, 4, '2017-06-11', 3),
(3093, 4, '2017-06-10', 3),
(3092, 4, '2017-06-09', 3),
(3091, 4, '2017-06-08', 3),
(3090, 4, '2017-06-07', 3),
(3089, 4, '2017-06-06', 3),
(3088, 4, '2017-06-05', 3),
(3087, 4, '2017-06-04', 3),
(3086, 4, '2017-06-03', 3),
(3085, 4, '2017-06-02', 3),
(3084, 4, '2017-06-01', 3),
(3083, 4, '2017-05-31', 3),
(3082, 4, '2017-05-30', 3),
(3081, 4, '2017-05-29', 3),
(3080, 4, '2017-05-28', 3),
(3079, 4, '2017-05-27', 3),
(3078, 4, '2017-05-26', 3),
(3077, 4, '2017-05-25', 3),
(3076, 4, '2017-05-24', 3),
(3075, 4, '2017-05-23', 3),
(3074, 4, '2017-05-22', 3),
(3073, 4, '2017-05-21', 3),
(3072, 4, '2017-05-20', 3),
(3071, 4, '2017-05-19', 3),
(3070, 4, '2017-05-18', 3),
(3069, 4, '2017-05-17', 3),
(3068, 4, '2017-05-16', 3),
(3067, 4, '2017-05-15', 3),
(3066, 4, '2017-05-14', 3),
(3065, 4, '2017-05-13', 3),
(3064, 4, '2017-05-12', 3),
(3063, 4, '2017-05-11', 3),
(3062, 4, '2017-05-10', 3),
(3061, 4, '2017-05-09', 3),
(3060, 4, '2017-05-08', 3),
(3059, 4, '2017-05-07', 3),
(3058, 4, '2017-05-06', 3),
(3057, 4, '2017-05-05', 3),
(3056, 4, '2017-05-04', 3),
(3055, 4, '2017-05-03', 3),
(3054, 4, '2017-05-02', 3),
(3053, 4, '2017-05-01', 3),
(3052, 4, '2017-04-30', 3),
(3051, 4, '2017-04-29', 3),
(3050, 4, '2017-04-28', 3),
(3049, 4, '2017-04-27', 3),
(3048, 4, '2017-04-26', 3),
(3047, 4, '2017-04-25', 3),
(3046, 4, '2017-04-24', 3),
(3045, 4, '2017-04-23', 3),
(3044, 4, '2017-04-22', 3),
(3043, 4, '2017-04-21', 3),
(3042, 4, '2017-04-20', 3),
(3041, 4, '2017-04-19', 3),
(3040, 4, '2017-04-18', 3),
(3039, 4, '2017-04-17', 3),
(3038, 4, '2017-04-16', 3),
(3037, 4, '2017-04-15', 3),
(3036, 4, '2017-04-14', 3),
(3035, 4, '2017-04-13', 3),
(3034, 4, '2017-04-12', 3),
(3033, 4, '2017-04-11', 3),
(3032, 4, '2017-04-10', 3),
(3031, 4, '2017-04-09', 3),
(3030, 4, '2017-04-08', 3),
(3029, 4, '2017-04-07', 3),
(3028, 4, '2017-04-06', 3),
(3027, 4, '2017-04-05', 3),
(3026, 4, '2017-04-04', 3),
(3025, 4, '2017-04-03', 3);

-- --------------------------------------------------------

--
-- Table structure for table `t_jdw_krj_peg`
--

CREATE TABLE IF NOT EXISTS `t_jdw_krj_peg` (
  `jdw_id` int(11) NOT NULL AUTO_INCREMENT,
  `pegawai_id` int(11) NOT NULL,
  `tgl1` date NOT NULL,
  `tgl2` date DEFAULT NULL,
  `jk_id` int(11) NOT NULL,
  PRIMARY KEY (`jdw_id`)
) ENGINE=MyISAM  DEFAULT CHARSET=latin1 AUTO_INCREMENT=15 ;

--
-- Dumping data for table `t_jdw_krj_peg`
--

INSERT INTO `t_jdw_krj_peg` (`jdw_id`, `pegawai_id`, `tgl1`, `tgl2`, `jk_id`) VALUES
(1, 1, '2017-04-03', '2017-04-07', 1),
(8, 1, '2017-04-08', '2017-04-08', 2),
(3, 1, '2017-04-09', '2017-04-13', 14),
(4, 1, '2017-04-14', '2017-04-14', 15),
(5, 1, '2017-04-15', '2017-04-15', 17),
(6, 1, '2017-04-16', '2017-04-21', 11),
(7, 1, '2017-04-22', '2017-04-22', 12),
(9, 2, '2017-04-03', '2017-04-07', 1),
(10, 2, '2017-04-08', '2017-04-08', 2),
(11, 2, '2017-04-09', '2017-04-09', 1),
(12, 3, '2017-04-03', '2017-04-07', 3),
(13, 3, '2017-04-08', '2017-04-09', 3),
(14, 4, '2017-04-03', '2017-04-09', 3);

-- --------------------------------------------------------

--
-- Table structure for table `t_jk`
--

CREATE TABLE IF NOT EXISTS `t_jk` (
  `jk_id` int(11) NOT NULL AUTO_INCREMENT,
  `jk_nm` varchar(100) NOT NULL,
  `jk_kd` varchar(50) NOT NULL,
  `jk_m` time NOT NULL,
  `jk_k` time NOT NULL,
  `jk_ket` text,
  PRIMARY KEY (`jk_id`)
) ENGINE=MyISAM  DEFAULT CHARSET=latin1 AUTO_INCREMENT=19 ;

--
-- Dumping data for table `t_jk`
--

INSERT INTO `t_jk` (`jk_id`, `jk_nm`, `jk_kd`, `jk_m`, `jk_k`, `jk_ket`) VALUES
(1, 'Shift 1, 06-14', 'S10614', '06:00:00', '14:00:00', NULL),
(2, 'Shift 1, 06-11', 'S10611', '06:00:00', '11:00:00', NULL),
(3, 'Shift 1, 07-15', 'S10715', '07:00:00', '15:00:00', NULL),
(4, 'Shift 1, 07-12', 'S10712', '07:00:00', '12:00:00', NULL),
(5, 'Shift 1, 08-16', 'S10816', '08:00:00', '16:00:00', NULL),
(7, 'Shift 1, 06-15', 'S10615', '06:00:00', '15:00:00', NULL),
(8, 'Shift 1, 07-16', 'S10716', '07:00:00', '16:00:00', NULL),
(9, 'Shift 1, 07:15-16:15', 'S107151615', '07:15:00', '16:15:00', NULL),
(10, 'Shift 1, 09-18', 'S10918', '09:00:00', '18:00:00', NULL),
(11, 'Shift 2, 14-22', 'S21422', '14:00:00', '22:00:00', NULL),
(12, 'Shift 2, 11-16', 'S21116', '11:00:00', '16:00:00', NULL),
(13, 'Shift 2, 15-23', 'S21523', '15:00:00', '23:00:00', NULL),
(14, 'Shift 3, 22-06', 'S32206', '22:00:00', '06:00:00', NULL),
(15, 'Shift 3, 22-05', 'S32205', '22:00:00', '05:00:00', NULL),
(17, 'Shift 3, 16-21', 'S31621', '16:00:00', '21:00:00', NULL),
(18, 'Shift 3, 23-07', 'S32307', '23:00:00', '07:00:00', NULL);

/*!40101 SET CHARACTER_SET_CLIENT=@OLD_CHARACTER_SET_CLIENT */;
/*!40101 SET CHARACTER_SET_RESULTS=@OLD_CHARACTER_SET_RESULTS */;
/*!40101 SET COLLATION_CONNECTION=@OLD_COLLATION_CONNECTION */;
