
-- phpMyAdmin SQL Dump
-- version 3.5.2.2
-- http://www.phpmyadmin.net
--
-- Host: localhost
-- Generation Time: Apr 04, 2017 at 06:44 PM
-- Server version: 10.0.28-MariaDB
-- PHP Version: 5.2.17

SET SQL_MODE="NO_AUTO_VALUE_ON_ZERO";
SET time_zone = "+00:00";


/*!40101 SET @OLD_CHARACTER_SET_CLIENT=@@CHARACTER_SET_CLIENT */;
/*!40101 SET @OLD_CHARACTER_SET_RESULTS=@@CHARACTER_SET_RESULTS */;
/*!40101 SET @OLD_COLLATION_CONNECTION=@@COLLATION_CONNECTION */;
/*!40101 SET NAMES utf8 */;

--
-- Database: `u945388674_ambic`
--

-- --------------------------------------------------------

--
-- Table structure for table `t_jdw_krj_def`
--

CREATE TABLE IF NOT EXISTS `t_jdw_krj_def` (
  `jdw_id` int(11) NOT NULL AUTO_INCREMENT,
  `pegawai_id` int(11) NOT NULL,
  `tgl` date NOT NULL,
  `jk_id` int(11) NOT NULL,
  PRIMARY KEY (`jdw_id`)
) ENGINE=MyISAM  DEFAULT CHARSET=latin1 AUTO_INCREMENT=6126 ;

--
-- Dumping data for table `t_jdw_krj_def`
--

INSERT INTO `t_jdw_krj_def` (`jdw_id`, `pegawai_id`, `tgl`, `jk_id`) VALUES
(4991, 1, '2018-01-07', 12),
(4990, 1, '2018-01-06', 11),
(4989, 1, '2018-01-05', 11),
(4988, 1, '2018-01-04', 11),
(4987, 1, '2018-01-03', 11),
(4986, 1, '2018-01-02', 11),
(4985, 1, '2018-01-01', 11),
(4984, 1, '2017-12-31', 17),
(4983, 1, '2017-12-30', 15),
(4982, 1, '2017-12-29', 14),
(4981, 1, '2017-12-28', 14),
(4980, 1, '2017-12-27', 14),
(4979, 1, '2017-12-26', 14),
(4978, 1, '2017-12-25', 14),
(4977, 1, '2017-12-24', 2),
(4976, 1, '2017-12-23', 1),
(4975, 1, '2017-12-22', 1),
(4974, 1, '2017-12-21', 1),
(4973, 1, '2017-12-20', 1),
(4972, 1, '2017-12-19', 1),
(4971, 1, '2017-12-18', 12),
(4970, 1, '2017-12-17', 11),
(4969, 1, '2017-12-16', 11),
(4968, 1, '2017-12-15', 11),
(4967, 1, '2017-12-14', 11),
(4966, 1, '2017-12-13', 11),
(4965, 1, '2017-12-12', 11),
(4964, 1, '2017-12-11', 17),
(4963, 1, '2017-12-10', 15),
(4962, 1, '2017-12-09', 14),
(4961, 1, '2017-12-08', 14),
(4960, 1, '2017-12-07', 14),
(4959, 1, '2017-12-06', 14),
(4958, 1, '2017-12-05', 14),
(4957, 1, '2017-12-04', 2),
(4956, 1, '2017-12-03', 1),
(4955, 1, '2017-12-02', 1),
(4954, 1, '2017-12-01', 1),
(4953, 1, '2017-11-30', 1),
(4952, 1, '2017-11-29', 1),
(4951, 1, '2017-11-28', 12),
(4950, 1, '2017-11-27', 11),
(4949, 1, '2017-11-26', 11),
(4948, 1, '2017-11-25', 11),
(4947, 1, '2017-11-24', 11),
(4946, 1, '2017-11-23', 11),
(4945, 1, '2017-11-22', 11),
(4944, 1, '2017-11-21', 17),
(4943, 1, '2017-11-20', 15),
(4942, 1, '2017-11-19', 14),
(4941, 1, '2017-11-18', 14),
(4940, 1, '2017-11-17', 14),
(4939, 1, '2017-11-16', 14),
(4938, 1, '2017-11-15', 14),
(4937, 1, '2017-11-14', 2),
(4936, 1, '2017-11-13', 1),
(4935, 1, '2017-11-12', 1),
(4934, 1, '2017-11-11', 1),
(4933, 1, '2017-11-10', 1),
(4932, 1, '2017-11-09', 1),
(4931, 1, '2017-11-08', 12),
(4930, 1, '2017-11-07', 11),
(4929, 1, '2017-11-06', 11),
(4928, 1, '2017-11-05', 11),
(4927, 1, '2017-11-04', 11),
(4926, 1, '2017-11-03', 11),
(4925, 1, '2017-11-02', 11),
(4924, 1, '2017-11-01', 17),
(4923, 1, '2017-10-31', 15),
(4922, 1, '2017-10-30', 14),
(4921, 1, '2017-10-29', 14),
(4920, 1, '2017-10-28', 14),
(4919, 1, '2017-10-27', 14),
(4918, 1, '2017-10-26', 14),
(4917, 1, '2017-10-25', 2),
(4916, 1, '2017-10-24', 1),
(4915, 1, '2017-10-23', 1),
(4914, 1, '2017-10-22', 1),
(4913, 1, '2017-10-21', 1),
(4912, 1, '2017-10-20', 1),
(4911, 1, '2017-10-19', 12),
(4910, 1, '2017-10-18', 11),
(4909, 1, '2017-10-17', 11),
(4908, 1, '2017-10-16', 11),
(4907, 1, '2017-10-15', 11),
(4906, 1, '2017-10-14', 11),
(4905, 1, '2017-10-13', 11),
(4904, 1, '2017-10-12', 17),
(4903, 1, '2017-10-11', 15),
(4902, 1, '2017-10-10', 14),
(4901, 1, '2017-10-09', 14),
(4900, 1, '2017-10-08', 14),
(4899, 1, '2017-10-07', 14),
(4898, 1, '2017-10-06', 14),
(4897, 1, '2017-10-05', 2),
(4896, 1, '2017-10-04', 1),
(4895, 1, '2017-10-03', 1),
(4894, 1, '2017-10-02', 1),
(4893, 1, '2017-10-01', 1),
(4892, 1, '2017-09-30', 1),
(4891, 1, '2017-09-29', 12),
(4890, 1, '2017-09-28', 11),
(4889, 1, '2017-09-27', 11),
(4888, 1, '2017-09-26', 11),
(4887, 1, '2017-09-25', 11),
(4886, 1, '2017-09-24', 11),
(4885, 1, '2017-09-23', 11),
(4884, 1, '2017-09-22', 17),
(4883, 1, '2017-09-21', 15),
(4882, 1, '2017-09-20', 14),
(4881, 1, '2017-09-19', 14),
(4880, 1, '2017-09-18', 14),
(4879, 1, '2017-09-17', 14),
(4878, 1, '2017-09-16', 14),
(4877, 1, '2017-09-15', 2),
(4876, 1, '2017-09-14', 1),
(4875, 1, '2017-09-13', 1),
(4874, 1, '2017-09-12', 1),
(4873, 1, '2017-09-11', 1),
(4872, 1, '2017-09-10', 1),
(4871, 1, '2017-09-09', 12),
(4870, 1, '2017-09-08', 11),
(4869, 1, '2017-09-07', 11),
(4868, 1, '2017-09-06', 11),
(4867, 1, '2017-09-05', 11),
(4866, 1, '2017-09-04', 11),
(4865, 1, '2017-09-03', 11),
(4864, 1, '2017-09-02', 17),
(4863, 1, '2017-09-01', 15),
(4862, 1, '2017-08-31', 14),
(4861, 1, '2017-08-30', 14),
(4860, 1, '2017-08-29', 14),
(4859, 1, '2017-08-28', 14),
(4858, 1, '2017-08-27', 14),
(4857, 1, '2017-08-26', 2),
(4856, 1, '2017-08-25', 1),
(4855, 1, '2017-08-24', 1),
(4854, 1, '2017-08-23', 1),
(4853, 1, '2017-08-22', 1),
(4852, 1, '2017-08-21', 1),
(4851, 1, '2017-08-20', 12),
(4850, 1, '2017-08-19', 11),
(4849, 1, '2017-08-18', 11),
(4848, 1, '2017-08-17', 11),
(4847, 1, '2017-08-16', 11),
(4846, 1, '2017-08-15', 11),
(4845, 1, '2017-08-14', 11),
(4844, 1, '2017-08-13', 17),
(4843, 1, '2017-08-12', 15),
(4842, 1, '2017-08-11', 14),
(4841, 1, '2017-08-10', 14),
(4840, 1, '2017-08-09', 14),
(4839, 1, '2017-08-08', 14),
(4838, 1, '2017-08-07', 14),
(4837, 1, '2017-08-06', 2),
(4836, 1, '2017-08-05', 1),
(4835, 1, '2017-08-04', 1),
(4834, 1, '2017-08-03', 1),
(4833, 1, '2017-08-02', 1),
(4832, 1, '2017-08-01', 1),
(4831, 1, '2017-07-31', 12),
(4830, 1, '2017-07-30', 11),
(4829, 1, '2017-07-29', 11),
(4828, 1, '2017-07-28', 11),
(4827, 1, '2017-07-27', 11),
(4826, 1, '2017-07-26', 11),
(4825, 1, '2017-07-25', 11),
(4824, 1, '2017-07-24', 17),
(4823, 1, '2017-07-23', 15),
(4822, 1, '2017-07-22', 14),
(4821, 1, '2017-07-21', 14),
(4820, 1, '2017-07-20', 14),
(4819, 1, '2017-07-19', 14),
(4818, 1, '2017-07-18', 14),
(4817, 1, '2017-07-17', 2),
(4816, 1, '2017-07-16', 1),
(4815, 1, '2017-07-15', 1),
(4814, 1, '2017-07-14', 1),
(4813, 1, '2017-07-13', 1),
(4812, 1, '2017-07-12', 1),
(4811, 1, '2017-07-11', 12),
(4810, 1, '2017-07-10', 11),
(4809, 1, '2017-07-09', 11),
(4808, 1, '2017-07-08', 11),
(4807, 1, '2017-07-07', 11),
(4806, 1, '2017-07-06', 11),
(4805, 1, '2017-07-05', 11),
(4804, 1, '2017-07-04', 17),
(4803, 1, '2017-07-03', 15),
(4802, 1, '2017-07-02', 14),
(4801, 1, '2017-07-01', 14),
(4800, 1, '2017-06-30', 14),
(4799, 1, '2017-06-29', 14),
(4798, 1, '2017-06-28', 14),
(4797, 1, '2017-06-27', 2),
(4796, 1, '2017-06-26', 1),
(4795, 1, '2017-06-25', 1),
(4794, 1, '2017-06-24', 1),
(4793, 1, '2017-06-23', 1),
(4792, 1, '2017-06-22', 1),
(4791, 1, '2017-06-21', 12),
(4790, 1, '2017-06-20', 11),
(4789, 1, '2017-06-19', 11),
(4788, 1, '2017-06-18', 11),
(4787, 1, '2017-06-17', 11),
(4786, 1, '2017-06-16', 11),
(4785, 1, '2017-06-15', 11),
(4784, 1, '2017-06-14', 17),
(4783, 1, '2017-06-13', 15),
(4782, 1, '2017-06-12', 14),
(4781, 1, '2017-06-11', 14),
(4780, 1, '2017-06-10', 14),
(4779, 1, '2017-06-09', 14),
(4778, 1, '2017-06-08', 14),
(4777, 1, '2017-06-07', 2),
(4776, 1, '2017-06-06', 1),
(4775, 1, '2017-06-05', 1),
(4774, 1, '2017-06-04', 1),
(4773, 1, '2017-06-03', 1),
(4772, 1, '2017-06-02', 1),
(4771, 1, '2017-06-01', 12),
(4770, 1, '2017-05-31', 11),
(4769, 1, '2017-05-30', 11),
(4768, 1, '2017-05-29', 11),
(4767, 1, '2017-05-28', 11),
(4766, 1, '2017-05-27', 11),
(4765, 1, '2017-05-26', 11),
(4764, 1, '2017-05-25', 17),
(4763, 1, '2017-05-24', 15),
(4762, 1, '2017-05-23', 14),
(4761, 1, '2017-05-22', 14),
(4760, 1, '2017-05-21', 14),
(4759, 1, '2017-05-20', 14),
(4758, 1, '2017-05-19', 14),
(4757, 1, '2017-05-18', 2),
(4756, 1, '2017-05-17', 1),
(4755, 1, '2017-05-16', 1),
(4754, 1, '2017-05-15', 1),
(4753, 1, '2017-05-14', 1),
(4752, 1, '2017-05-13', 1),
(4751, 1, '2017-05-12', 12),
(4750, 1, '2017-05-11', 11),
(4749, 1, '2017-05-10', 11),
(4748, 1, '2017-05-09', 11),
(4747, 1, '2017-05-08', 11),
(4746, 1, '2017-05-07', 11),
(4745, 1, '2017-05-06', 11),
(4744, 1, '2017-05-05', 17),
(4743, 1, '2017-05-04', 15),
(4742, 1, '2017-05-03', 14),
(4741, 1, '2017-05-02', 14),
(4740, 1, '2017-05-01', 14),
(4739, 1, '2017-04-30', 14),
(4738, 1, '2017-04-29', 14),
(4737, 1, '2017-04-28', 2),
(4736, 1, '2017-04-27', 1),
(4735, 1, '2017-04-26', 1),
(4734, 1, '2017-04-25', 1),
(4733, 1, '2017-04-24', 1),
(4732, 1, '2017-04-23', 1),
(4731, 1, '2017-04-22', 12),
(4730, 1, '2017-04-21', 11),
(4729, 1, '2017-04-20', 11),
(4728, 1, '2017-04-19', 11),
(4727, 1, '2017-04-18', 11),
(4726, 1, '2017-04-17', 11),
(4725, 1, '2017-04-16', 11),
(4724, 1, '2017-04-15', 17),
(4723, 1, '2017-04-14', 15),
(4722, 1, '2017-04-13', 14),
(4721, 1, '2017-04-12', 14),
(4720, 1, '2017-04-11', 14),
(4719, 1, '2017-04-10', 14),
(4718, 1, '2017-04-09', 14),
(4717, 1, '2017-04-08', 2),
(4716, 1, '2017-04-07', 1),
(4715, 1, '2017-04-06', 1),
(4714, 1, '2017-04-05', 1),
(4713, 1, '2017-04-04', 1),
(4712, 1, '2017-04-03', 1),
(5264, 2, '2017-12-31', 1),
(5263, 2, '2017-12-30', 2),
(5262, 2, '2017-12-29', 1),
(5261, 2, '2017-12-28', 1),
(5260, 2, '2017-12-27', 1),
(5259, 2, '2017-12-26', 1),
(5258, 2, '2017-12-25', 1),
(5257, 2, '2017-12-24', 1),
(5256, 2, '2017-12-23', 2),
(5255, 2, '2017-12-22', 1),
(5254, 2, '2017-12-21', 1),
(5253, 2, '2017-12-20', 1),
(5252, 2, '2017-12-19', 1),
(5251, 2, '2017-12-18', 1),
(5250, 2, '2017-12-17', 1),
(5249, 2, '2017-12-16', 2),
(5248, 2, '2017-12-15', 1),
(5247, 2, '2017-12-14', 1),
(5246, 2, '2017-12-13', 1),
(5245, 2, '2017-12-12', 1),
(5244, 2, '2017-12-11', 1),
(5243, 2, '2017-12-10', 1),
(5242, 2, '2017-12-09', 2),
(5241, 2, '2017-12-08', 1),
(5240, 2, '2017-12-07', 1),
(5239, 2, '2017-12-06', 1),
(5238, 2, '2017-12-05', 1),
(5237, 2, '2017-12-04', 1),
(5236, 2, '2017-12-03', 1),
(5235, 2, '2017-12-02', 2),
(5234, 2, '2017-12-01', 1),
(5233, 2, '2017-11-30', 1),
(5232, 2, '2017-11-29', 1),
(5231, 2, '2017-11-28', 1),
(5230, 2, '2017-11-27', 1),
(5229, 2, '2017-11-26', 1),
(5228, 2, '2017-11-25', 2),
(5227, 2, '2017-11-24', 1),
(5226, 2, '2017-11-23', 1),
(5225, 2, '2017-11-22', 1),
(5224, 2, '2017-11-21', 1),
(5223, 2, '2017-11-20', 1),
(5222, 2, '2017-11-19', 1),
(5221, 2, '2017-11-18', 2),
(5220, 2, '2017-11-17', 1),
(5219, 2, '2017-11-16', 1),
(5218, 2, '2017-11-15', 1),
(5217, 2, '2017-11-14', 1),
(5216, 2, '2017-11-13', 1),
(5215, 2, '2017-11-12', 1),
(5214, 2, '2017-11-11', 2),
(5213, 2, '2017-11-10', 1),
(5212, 2, '2017-11-09', 1),
(5211, 2, '2017-11-08', 1),
(5210, 2, '2017-11-07', 1),
(5209, 2, '2017-11-06', 1),
(5208, 2, '2017-11-05', 1),
(5207, 2, '2017-11-04', 2),
(5206, 2, '2017-11-03', 1),
(5205, 2, '2017-11-02', 1),
(5204, 2, '2017-11-01', 1),
(5203, 2, '2017-10-31', 1),
(5202, 2, '2017-10-30', 1),
(5201, 2, '2017-10-29', 1),
(5200, 2, '2017-10-28', 2),
(5199, 2, '2017-10-27', 1),
(5198, 2, '2017-10-26', 1),
(5197, 2, '2017-10-25', 1),
(5196, 2, '2017-10-24', 1),
(5195, 2, '2017-10-23', 1),
(5194, 2, '2017-10-22', 1),
(5193, 2, '2017-10-21', 2),
(5192, 2, '2017-10-20', 1),
(5191, 2, '2017-10-19', 1),
(5190, 2, '2017-10-18', 1),
(5189, 2, '2017-10-17', 1),
(5188, 2, '2017-10-16', 1),
(5187, 2, '2017-10-15', 1),
(5186, 2, '2017-10-14', 2),
(5185, 2, '2017-10-13', 1),
(5184, 2, '2017-10-12', 1),
(5183, 2, '2017-10-11', 1),
(5182, 2, '2017-10-10', 1),
(5181, 2, '2017-10-09', 1),
(5180, 2, '2017-10-08', 1),
(5179, 2, '2017-10-07', 2),
(5178, 2, '2017-10-06', 1),
(5177, 2, '2017-10-05', 1),
(5176, 2, '2017-10-04', 1),
(5175, 2, '2017-10-03', 1),
(5174, 2, '2017-10-02', 1),
(5173, 2, '2017-10-01', 1),
(5172, 2, '2017-09-30', 2),
(5171, 2, '2017-09-29', 1),
(5170, 2, '2017-09-28', 1),
(5169, 2, '2017-09-27', 1),
(5168, 2, '2017-09-26', 1),
(5167, 2, '2017-09-25', 1),
(5166, 2, '2017-09-24', 1),
(5165, 2, '2017-09-23', 2),
(5164, 2, '2017-09-22', 1),
(5163, 2, '2017-09-21', 1),
(5162, 2, '2017-09-20', 1),
(5161, 2, '2017-09-19', 1),
(5160, 2, '2017-09-18', 1),
(5159, 2, '2017-09-17', 1),
(5158, 2, '2017-09-16', 2),
(5157, 2, '2017-09-15', 1),
(5156, 2, '2017-09-14', 1),
(5155, 2, '2017-09-13', 1),
(5154, 2, '2017-09-12', 1),
(5153, 2, '2017-09-11', 1),
(5152, 2, '2017-09-10', 1),
(5151, 2, '2017-09-09', 2),
(5150, 2, '2017-09-08', 1),
(5149, 2, '2017-09-07', 1),
(5148, 2, '2017-09-06', 1),
(5147, 2, '2017-09-05', 1),
(5146, 2, '2017-09-04', 1),
(5145, 2, '2017-09-03', 1),
(5144, 2, '2017-09-02', 2),
(5143, 2, '2017-09-01', 1),
(5142, 2, '2017-08-31', 1),
(5141, 2, '2017-08-30', 1),
(5140, 2, '2017-08-29', 1),
(5139, 2, '2017-08-28', 1),
(5138, 2, '2017-08-27', 1),
(5137, 2, '2017-08-26', 2),
(5136, 2, '2017-08-25', 1),
(5135, 2, '2017-08-24', 1),
(5134, 2, '2017-08-23', 1),
(5133, 2, '2017-08-22', 1),
(5132, 2, '2017-08-21', 1),
(5131, 2, '2017-08-20', 1),
(5130, 2, '2017-08-19', 2),
(5129, 2, '2017-08-18', 1),
(5128, 2, '2017-08-17', 1),
(5127, 2, '2017-08-16', 1),
(5126, 2, '2017-08-15', 1),
(5125, 2, '2017-08-14', 1),
(5124, 2, '2017-08-13', 1),
(5123, 2, '2017-08-12', 2),
(5122, 2, '2017-08-11', 1),
(5121, 2, '2017-08-10', 1),
(5120, 2, '2017-08-09', 1),
(5119, 2, '2017-08-08', 1),
(5118, 2, '2017-08-07', 1),
(5117, 2, '2017-08-06', 1),
(5116, 2, '2017-08-05', 2),
(5115, 2, '2017-08-04', 1),
(5114, 2, '2017-08-03', 1),
(5113, 2, '2017-08-02', 1),
(5112, 2, '2017-08-01', 1),
(5111, 2, '2017-07-31', 1),
(5110, 2, '2017-07-30', 1),
(5109, 2, '2017-07-29', 2),
(5108, 2, '2017-07-28', 1),
(5107, 2, '2017-07-27', 1),
(5106, 2, '2017-07-26', 1),
(5105, 2, '2017-07-25', 1),
(5104, 2, '2017-07-24', 1),
(5103, 2, '2017-07-23', 1),
(5102, 2, '2017-07-22', 2),
(5101, 2, '2017-07-21', 1),
(5100, 2, '2017-07-20', 1),
(5099, 2, '2017-07-19', 1),
(5098, 2, '2017-07-18', 1),
(5097, 2, '2017-07-17', 1),
(5096, 2, '2017-07-16', 1),
(5095, 2, '2017-07-15', 2),
(5094, 2, '2017-07-14', 1),
(5093, 2, '2017-07-13', 1),
(5092, 2, '2017-07-12', 1),
(5091, 2, '2017-07-11', 1),
(5090, 2, '2017-07-10', 1),
(5089, 2, '2017-07-09', 1),
(5088, 2, '2017-07-08', 2),
(5087, 2, '2017-07-07', 1),
(5086, 2, '2017-07-06', 1),
(5085, 2, '2017-07-05', 1),
(5084, 2, '2017-07-04', 1),
(5083, 2, '2017-07-03', 1),
(5082, 2, '2017-07-02', 1),
(5081, 2, '2017-07-01', 2),
(5080, 2, '2017-06-30', 1),
(5079, 2, '2017-06-29', 1),
(5078, 2, '2017-06-28', 1),
(5077, 2, '2017-06-27', 1),
(5076, 2, '2017-06-26', 1),
(5075, 2, '2017-06-25', 1),
(5074, 2, '2017-06-24', 2),
(5073, 2, '2017-06-23', 1),
(5072, 2, '2017-06-22', 1),
(5071, 2, '2017-06-21', 1),
(5070, 2, '2017-06-20', 1),
(5069, 2, '2017-06-19', 1),
(5068, 2, '2017-06-18', 1),
(5067, 2, '2017-06-17', 2),
(5066, 2, '2017-06-16', 1),
(5065, 2, '2017-06-15', 1),
(5064, 2, '2017-06-14', 1),
(5063, 2, '2017-06-13', 1),
(5062, 2, '2017-06-12', 1),
(5061, 2, '2017-06-11', 1),
(5060, 2, '2017-06-10', 2),
(5059, 2, '2017-06-09', 1),
(5058, 2, '2017-06-08', 1),
(5057, 2, '2017-06-07', 1),
(5056, 2, '2017-06-06', 1),
(5055, 2, '2017-06-05', 1),
(5054, 2, '2017-06-04', 1),
(5053, 2, '2017-06-03', 2),
(5052, 2, '2017-06-02', 1),
(5051, 2, '2017-06-01', 1),
(5050, 2, '2017-05-31', 1),
(5049, 2, '2017-05-30', 1),
(5048, 2, '2017-05-29', 1),
(5047, 2, '2017-05-28', 1),
(5046, 2, '2017-05-27', 2),
(5045, 2, '2017-05-26', 1),
(5044, 2, '2017-05-25', 1),
(5043, 2, '2017-05-24', 1),
(5042, 2, '2017-05-23', 1),
(5041, 2, '2017-05-22', 1),
(5040, 2, '2017-05-21', 1),
(5039, 2, '2017-05-20', 2),
(5038, 2, '2017-05-19', 1),
(5037, 2, '2017-05-18', 1),
(5036, 2, '2017-05-17', 1),
(5035, 2, '2017-05-16', 1),
(5034, 2, '2017-05-15', 1),
(5033, 2, '2017-05-14', 1),
(5032, 2, '2017-05-13', 2),
(5031, 2, '2017-05-12', 1),
(5030, 2, '2017-05-11', 1),
(5029, 2, '2017-05-10', 1),
(5028, 2, '2017-05-09', 1),
(5027, 2, '2017-05-08', 1),
(5026, 2, '2017-05-07', 1),
(5025, 2, '2017-05-06', 2),
(5024, 2, '2017-05-05', 1),
(5023, 2, '2017-05-04', 1),
(5022, 2, '2017-05-03', 1),
(5021, 2, '2017-05-02', 1),
(5020, 2, '2017-05-01', 1),
(5019, 2, '2017-04-30', 1),
(5018, 2, '2017-04-29', 2),
(5017, 2, '2017-04-28', 1),
(5016, 2, '2017-04-27', 1),
(5015, 2, '2017-04-26', 1),
(5014, 2, '2017-04-25', 1),
(5013, 2, '2017-04-24', 1),
(5012, 2, '2017-04-23', 1),
(5011, 2, '2017-04-22', 2),
(5010, 2, '2017-04-21', 1),
(5009, 2, '2017-04-20', 1),
(5008, 2, '2017-04-19', 1),
(5007, 2, '2017-04-18', 1),
(5006, 2, '2017-04-17', 1),
(5005, 2, '2017-04-16', 1),
(5004, 2, '2017-04-15', 2),
(5003, 2, '2017-04-14', 1),
(5002, 2, '2017-04-13', 1),
(5001, 2, '2017-04-12', 1),
(5000, 2, '2017-04-11', 1),
(4999, 2, '2017-04-10', 1),
(4998, 2, '2017-04-09', 1),
(4997, 2, '2017-04-08', 2),
(4996, 2, '2017-04-07', 1),
(4995, 2, '2017-04-06', 1),
(4994, 2, '2017-04-05', 1),
(4993, 2, '2017-04-04', 1),
(4992, 2, '2017-04-03', 1),
(5537, 3, '2017-12-31', 3),
(5536, 3, '2017-12-30', 3),
(5535, 3, '2017-12-29', 3),
(5534, 3, '2017-12-28', 3),
(5533, 3, '2017-12-27', 3),
(5532, 3, '2017-12-26', 3),
(5531, 3, '2017-12-25', 3),
(5530, 3, '2017-12-24', 3),
(5529, 3, '2017-12-23', 3),
(5528, 3, '2017-12-22', 3),
(5527, 3, '2017-12-21', 3),
(5526, 3, '2017-12-20', 3),
(5525, 3, '2017-12-19', 3),
(5524, 3, '2017-12-18', 3),
(5523, 3, '2017-12-17', 3),
(5522, 3, '2017-12-16', 3),
(5521, 3, '2017-12-15', 3),
(5520, 3, '2017-12-14', 3),
(5519, 3, '2017-12-13', 3),
(5518, 3, '2017-12-12', 3),
(5517, 3, '2017-12-11', 3),
(5516, 3, '2017-12-10', 3),
(5515, 3, '2017-12-09', 3),
(5514, 3, '2017-12-08', 3),
(5513, 3, '2017-12-07', 3),
(5512, 3, '2017-12-06', 3),
(5511, 3, '2017-12-05', 3),
(5510, 3, '2017-12-04', 3),
(5509, 3, '2017-12-03', 3),
(5508, 3, '2017-12-02', 3),
(5507, 3, '2017-12-01', 3),
(5506, 3, '2017-11-30', 3),
(5505, 3, '2017-11-29', 3),
(5504, 3, '2017-11-28', 3),
(5503, 3, '2017-11-27', 3),
(5502, 3, '2017-11-26', 3),
(5501, 3, '2017-11-25', 3),
(5500, 3, '2017-11-24', 3),
(5499, 3, '2017-11-23', 3),
(5498, 3, '2017-11-22', 3),
(5497, 3, '2017-11-21', 3),
(5496, 3, '2017-11-20', 3),
(5495, 3, '2017-11-19', 3),
(5494, 3, '2017-11-18', 3),
(5493, 3, '2017-11-17', 3),
(5492, 3, '2017-11-16', 3),
(5491, 3, '2017-11-15', 3),
(5490, 3, '2017-11-14', 3),
(5489, 3, '2017-11-13', 3),
(5488, 3, '2017-11-12', 3),
(5487, 3, '2017-11-11', 3),
(5486, 3, '2017-11-10', 3),
(5485, 3, '2017-11-09', 3),
(5484, 3, '2017-11-08', 3),
(5483, 3, '2017-11-07', 3),
(5482, 3, '2017-11-06', 3),
(5481, 3, '2017-11-05', 3),
(5480, 3, '2017-11-04', 3),
(5479, 3, '2017-11-03', 3),
(5478, 3, '2017-11-02', 3),
(5477, 3, '2017-11-01', 3),
(5476, 3, '2017-10-31', 3),
(5475, 3, '2017-10-30', 3),
(5474, 3, '2017-10-29', 3),
(5473, 3, '2017-10-28', 3),
(5472, 3, '2017-10-27', 3),
(5471, 3, '2017-10-26', 3),
(5470, 3, '2017-10-25', 3),
(5469, 3, '2017-10-24', 3),
(5468, 3, '2017-10-23', 3),
(5467, 3, '2017-10-22', 3),
(5466, 3, '2017-10-21', 3),
(5465, 3, '2017-10-20', 3),
(5464, 3, '2017-10-19', 3),
(5463, 3, '2017-10-18', 3),
(5462, 3, '2017-10-17', 3),
(5461, 3, '2017-10-16', 3),
(5460, 3, '2017-10-15', 3),
(5459, 3, '2017-10-14', 3),
(5458, 3, '2017-10-13', 3),
(5457, 3, '2017-10-12', 3),
(5456, 3, '2017-10-11', 3),
(5455, 3, '2017-10-10', 3),
(5454, 3, '2017-10-09', 3),
(5453, 3, '2017-10-08', 3),
(5452, 3, '2017-10-07', 3),
(5451, 3, '2017-10-06', 3),
(5450, 3, '2017-10-05', 3),
(5449, 3, '2017-10-04', 3),
(5448, 3, '2017-10-03', 3),
(5447, 3, '2017-10-02', 3),
(5446, 3, '2017-10-01', 3),
(5445, 3, '2017-09-30', 3),
(5444, 3, '2017-09-29', 3),
(5443, 3, '2017-09-28', 3),
(5442, 3, '2017-09-27', 3),
(5441, 3, '2017-09-26', 3),
(5440, 3, '2017-09-25', 3),
(5439, 3, '2017-09-24', 3),
(5438, 3, '2017-09-23', 3),
(5437, 3, '2017-09-22', 3),
(5436, 3, '2017-09-21', 3),
(5435, 3, '2017-09-20', 3),
(5434, 3, '2017-09-19', 3),
(5433, 3, '2017-09-18', 3),
(5432, 3, '2017-09-17', 3),
(5431, 3, '2017-09-16', 3),
(5430, 3, '2017-09-15', 3),
(5429, 3, '2017-09-14', 3),
(5428, 3, '2017-09-13', 3),
(5427, 3, '2017-09-12', 3),
(5426, 3, '2017-09-11', 3),
(5425, 3, '2017-09-10', 3),
(5424, 3, '2017-09-09', 3),
(5423, 3, '2017-09-08', 3),
(5422, 3, '2017-09-07', 3),
(5421, 3, '2017-09-06', 3),
(5420, 3, '2017-09-05', 3),
(5419, 3, '2017-09-04', 3),
(5418, 3, '2017-09-03', 3),
(5417, 3, '2017-09-02', 3),
(5416, 3, '2017-09-01', 3),
(5415, 3, '2017-08-31', 3),
(5414, 3, '2017-08-30', 3),
(5413, 3, '2017-08-29', 3),
(5412, 3, '2017-08-28', 3),
(5411, 3, '2017-08-27', 3),
(5410, 3, '2017-08-26', 3),
(5409, 3, '2017-08-25', 3),
(5408, 3, '2017-08-24', 3),
(5407, 3, '2017-08-23', 3),
(5406, 3, '2017-08-22', 3),
(5405, 3, '2017-08-21', 3),
(5404, 3, '2017-08-20', 3),
(5403, 3, '2017-08-19', 3),
(5402, 3, '2017-08-18', 3),
(5401, 3, '2017-08-17', 3),
(5400, 3, '2017-08-16', 3),
(5399, 3, '2017-08-15', 3),
(5398, 3, '2017-08-14', 3),
(5397, 3, '2017-08-13', 3),
(5396, 3, '2017-08-12', 3),
(5395, 3, '2017-08-11', 3),
(5394, 3, '2017-08-10', 3),
(5393, 3, '2017-08-09', 3),
(5392, 3, '2017-08-08', 3),
(5391, 3, '2017-08-07', 3),
(5390, 3, '2017-08-06', 3),
(5389, 3, '2017-08-05', 3),
(5388, 3, '2017-08-04', 3),
(5387, 3, '2017-08-03', 3),
(5386, 3, '2017-08-02', 3),
(5385, 3, '2017-08-01', 3),
(5384, 3, '2017-07-31', 3),
(5383, 3, '2017-07-30', 3),
(5382, 3, '2017-07-29', 3),
(5381, 3, '2017-07-28', 3),
(5380, 3, '2017-07-27', 3),
(5379, 3, '2017-07-26', 3),
(5378, 3, '2017-07-25', 3),
(5377, 3, '2017-07-24', 3),
(5376, 3, '2017-07-23', 3),
(5375, 3, '2017-07-22', 3),
(5374, 3, '2017-07-21', 3),
(5373, 3, '2017-07-20', 3),
(5372, 3, '2017-07-19', 3),
(5371, 3, '2017-07-18', 3),
(5370, 3, '2017-07-17', 3),
(5369, 3, '2017-07-16', 3),
(5368, 3, '2017-07-15', 3),
(5367, 3, '2017-07-14', 3),
(5366, 3, '2017-07-13', 3),
(5365, 3, '2017-07-12', 3),
(5364, 3, '2017-07-11', 3),
(5363, 3, '2017-07-10', 3),
(5362, 3, '2017-07-09', 3),
(5361, 3, '2017-07-08', 3),
(5360, 3, '2017-07-07', 3),
(5359, 3, '2017-07-06', 3),
(5358, 3, '2017-07-05', 3),
(5357, 3, '2017-07-04', 3),
(5356, 3, '2017-07-03', 3),
(5355, 3, '2017-07-02', 3),
(5354, 3, '2017-07-01', 3),
(5353, 3, '2017-06-30', 3),
(5352, 3, '2017-06-29', 3),
(5351, 3, '2017-06-28', 3),
(5350, 3, '2017-06-27', 3),
(5349, 3, '2017-06-26', 3),
(5348, 3, '2017-06-25', 3),
(5347, 3, '2017-06-24', 3),
(5346, 3, '2017-06-23', 3),
(5345, 3, '2017-06-22', 3),
(5344, 3, '2017-06-21', 3),
(5343, 3, '2017-06-20', 3),
(5342, 3, '2017-06-19', 3),
(5341, 3, '2017-06-18', 3),
(5340, 3, '2017-06-17', 3),
(5339, 3, '2017-06-16', 3),
(5338, 3, '2017-06-15', 3),
(5337, 3, '2017-06-14', 3),
(5336, 3, '2017-06-13', 3),
(5335, 3, '2017-06-12', 3),
(5334, 3, '2017-06-11', 3),
(5333, 3, '2017-06-10', 3),
(5332, 3, '2017-06-09', 3),
(5331, 3, '2017-06-08', 3),
(5330, 3, '2017-06-07', 3),
(5329, 3, '2017-06-06', 3),
(5328, 3, '2017-06-05', 3),
(5327, 3, '2017-06-04', 3),
(5326, 3, '2017-06-03', 3),
(5325, 3, '2017-06-02', 3),
(5324, 3, '2017-06-01', 3),
(5323, 3, '2017-05-31', 3),
(5322, 3, '2017-05-30', 3),
(5321, 3, '2017-05-29', 3),
(5320, 3, '2017-05-28', 3),
(5319, 3, '2017-05-27', 3),
(5318, 3, '2017-05-26', 3),
(5317, 3, '2017-05-25', 3),
(5316, 3, '2017-05-24', 3),
(5315, 3, '2017-05-23', 3),
(5314, 3, '2017-05-22', 3),
(5313, 3, '2017-05-21', 3),
(5312, 3, '2017-05-20', 3),
(5311, 3, '2017-05-19', 3),
(5310, 3, '2017-05-18', 3),
(5309, 3, '2017-05-17', 3),
(5308, 3, '2017-05-16', 3),
(5307, 3, '2017-05-15', 3),
(5306, 3, '2017-05-14', 3),
(5305, 3, '2017-05-13', 3),
(5304, 3, '2017-05-12', 3),
(5303, 3, '2017-05-11', 3),
(5302, 3, '2017-05-10', 3),
(5301, 3, '2017-05-09', 3),
(5300, 3, '2017-05-08', 3),
(5299, 3, '2017-05-07', 3),
(5298, 3, '2017-05-06', 3),
(5297, 3, '2017-05-05', 3),
(5296, 3, '2017-05-04', 3),
(5295, 3, '2017-05-03', 3),
(5294, 3, '2017-05-02', 3),
(5293, 3, '2017-05-01', 3),
(5292, 3, '2017-04-30', 3),
(5291, 3, '2017-04-29', 3),
(5290, 3, '2017-04-28', 3),
(5289, 3, '2017-04-27', 3),
(5288, 3, '2017-04-26', 3),
(5287, 3, '2017-04-25', 3),
(5286, 3, '2017-04-24', 3),
(5285, 3, '2017-04-23', 3),
(5284, 3, '2017-04-22', 3),
(5283, 3, '2017-04-21', 3),
(5282, 3, '2017-04-20', 3),
(5281, 3, '2017-04-19', 3),
(5280, 3, '2017-04-18', 3),
(5279, 3, '2017-04-17', 3),
(5278, 3, '2017-04-16', 3),
(5277, 3, '2017-04-15', 3),
(5276, 3, '2017-04-14', 3),
(5275, 3, '2017-04-13', 3),
(5274, 3, '2017-04-12', 3),
(5273, 3, '2017-04-11', 3),
(5272, 3, '2017-04-10', 3),
(5271, 3, '2017-04-09', 3),
(5270, 3, '2017-04-08', 3),
(5269, 3, '2017-04-07', 3),
(5268, 3, '2017-04-06', 3),
(5267, 3, '2017-04-05', 3),
(5266, 3, '2017-04-04', 3),
(5265, 3, '2017-04-03', 3),
(5810, 4, '2017-12-31', 3),
(5809, 4, '2017-12-30', 3),
(5808, 4, '2017-12-29', 3),
(5807, 4, '2017-12-28', 3),
(5806, 4, '2017-12-27', 3),
(5805, 4, '2017-12-26', 3),
(5804, 4, '2017-12-25', 3),
(5803, 4, '2017-12-24', 3),
(5802, 4, '2017-12-23', 3),
(5801, 4, '2017-12-22', 3),
(5800, 4, '2017-12-21', 3),
(5799, 4, '2017-12-20', 3),
(5798, 4, '2017-12-19', 3),
(5797, 4, '2017-12-18', 3),
(5796, 4, '2017-12-17', 3),
(5795, 4, '2017-12-16', 3),
(5794, 4, '2017-12-15', 3),
(5793, 4, '2017-12-14', 3),
(5792, 4, '2017-12-13', 3),
(5791, 4, '2017-12-12', 3),
(5790, 4, '2017-12-11', 3),
(5789, 4, '2017-12-10', 3),
(5788, 4, '2017-12-09', 3),
(5787, 4, '2017-12-08', 3),
(5786, 4, '2017-12-07', 3),
(5785, 4, '2017-12-06', 3),
(5784, 4, '2017-12-05', 3),
(5783, 4, '2017-12-04', 3),
(5782, 4, '2017-12-03', 3),
(5781, 4, '2017-12-02', 3),
(5780, 4, '2017-12-01', 3),
(5779, 4, '2017-11-30', 3),
(5778, 4, '2017-11-29', 3),
(5777, 4, '2017-11-28', 3),
(5776, 4, '2017-11-27', 3),
(5775, 4, '2017-11-26', 3),
(5774, 4, '2017-11-25', 3),
(5773, 4, '2017-11-24', 3),
(5772, 4, '2017-11-23', 3),
(5771, 4, '2017-11-22', 3),
(5770, 4, '2017-11-21', 3),
(5769, 4, '2017-11-20', 3),
(5768, 4, '2017-11-19', 3),
(5767, 4, '2017-11-18', 3),
(5766, 4, '2017-11-17', 3),
(5765, 4, '2017-11-16', 3),
(5764, 4, '2017-11-15', 3),
(5763, 4, '2017-11-14', 3),
(5762, 4, '2017-11-13', 3),
(5761, 4, '2017-11-12', 3),
(5760, 4, '2017-11-11', 3),
(5759, 4, '2017-11-10', 3),
(5758, 4, '2017-11-09', 3),
(5757, 4, '2017-11-08', 3),
(5756, 4, '2017-11-07', 3),
(5755, 4, '2017-11-06', 3),
(5754, 4, '2017-11-05', 3),
(5753, 4, '2017-11-04', 3),
(5752, 4, '2017-11-03', 3),
(5751, 4, '2017-11-02', 3),
(5750, 4, '2017-11-01', 3),
(5749, 4, '2017-10-31', 3),
(5748, 4, '2017-10-30', 3),
(5747, 4, '2017-10-29', 3),
(5746, 4, '2017-10-28', 3),
(5745, 4, '2017-10-27', 3),
(5744, 4, '2017-10-26', 3),
(5743, 4, '2017-10-25', 3),
(5742, 4, '2017-10-24', 3),
(5741, 4, '2017-10-23', 3),
(5740, 4, '2017-10-22', 3),
(5739, 4, '2017-10-21', 3),
(5738, 4, '2017-10-20', 3),
(5737, 4, '2017-10-19', 3),
(5736, 4, '2017-10-18', 3),
(5735, 4, '2017-10-17', 3),
(5734, 4, '2017-10-16', 3),
(5733, 4, '2017-10-15', 3),
(5732, 4, '2017-10-14', 3),
(5731, 4, '2017-10-13', 3),
(5730, 4, '2017-10-12', 3),
(5729, 4, '2017-10-11', 3),
(5728, 4, '2017-10-10', 3),
(5727, 4, '2017-10-09', 3),
(5726, 4, '2017-10-08', 3),
(5725, 4, '2017-10-07', 3),
(5724, 4, '2017-10-06', 3),
(5723, 4, '2017-10-05', 3),
(5722, 4, '2017-10-04', 3),
(5721, 4, '2017-10-03', 3),
(5720, 4, '2017-10-02', 3),
(5719, 4, '2017-10-01', 3),
(5718, 4, '2017-09-30', 3),
(5717, 4, '2017-09-29', 3),
(5716, 4, '2017-09-28', 3),
(5715, 4, '2017-09-27', 3),
(5714, 4, '2017-09-26', 3),
(5713, 4, '2017-09-25', 3),
(5712, 4, '2017-09-24', 3),
(5711, 4, '2017-09-23', 3),
(5710, 4, '2017-09-22', 3),
(5709, 4, '2017-09-21', 3),
(5708, 4, '2017-09-20', 3),
(5707, 4, '2017-09-19', 3),
(5706, 4, '2017-09-18', 3),
(5705, 4, '2017-09-17', 3),
(5704, 4, '2017-09-16', 3),
(5703, 4, '2017-09-15', 3),
(5702, 4, '2017-09-14', 3),
(5701, 4, '2017-09-13', 3),
(5700, 4, '2017-09-12', 3),
(5699, 4, '2017-09-11', 3),
(5698, 4, '2017-09-10', 3),
(5697, 4, '2017-09-09', 3),
(5696, 4, '2017-09-08', 3),
(5695, 4, '2017-09-07', 3),
(5694, 4, '2017-09-06', 3),
(5693, 4, '2017-09-05', 3),
(5692, 4, '2017-09-04', 3),
(5691, 4, '2017-09-03', 3),
(5690, 4, '2017-09-02', 3),
(5689, 4, '2017-09-01', 3),
(5688, 4, '2017-08-31', 3),
(5687, 4, '2017-08-30', 3),
(5686, 4, '2017-08-29', 3),
(5685, 4, '2017-08-28', 3),
(5684, 4, '2017-08-27', 3),
(5683, 4, '2017-08-26', 3),
(5682, 4, '2017-08-25', 3),
(5681, 4, '2017-08-24', 3),
(5680, 4, '2017-08-23', 3),
(5679, 4, '2017-08-22', 3),
(5678, 4, '2017-08-21', 3),
(5677, 4, '2017-08-20', 3),
(5676, 4, '2017-08-19', 3),
(5675, 4, '2017-08-18', 3),
(5674, 4, '2017-08-17', 3),
(5673, 4, '2017-08-16', 3),
(5672, 4, '2017-08-15', 3),
(5671, 4, '2017-08-14', 3),
(5670, 4, '2017-08-13', 3),
(5669, 4, '2017-08-12', 3),
(5668, 4, '2017-08-11', 3),
(5667, 4, '2017-08-10', 3),
(5666, 4, '2017-08-09', 3),
(5665, 4, '2017-08-08', 3),
(5664, 4, '2017-08-07', 3),
(5663, 4, '2017-08-06', 3),
(5662, 4, '2017-08-05', 3),
(5661, 4, '2017-08-04', 3),
(5660, 4, '2017-08-03', 3),
(5659, 4, '2017-08-02', 3),
(5658, 4, '2017-08-01', 3),
(5657, 4, '2017-07-31', 3),
(5656, 4, '2017-07-30', 3),
(5655, 4, '2017-07-29', 3),
(5654, 4, '2017-07-28', 3),
(5653, 4, '2017-07-27', 3),
(5652, 4, '2017-07-26', 3),
(5651, 4, '2017-07-25', 3),
(5650, 4, '2017-07-24', 3),
(5649, 4, '2017-07-23', 3),
(5648, 4, '2017-07-22', 3),
(5647, 4, '2017-07-21', 3),
(5646, 4, '2017-07-20', 3),
(5645, 4, '2017-07-19', 3),
(5644, 4, '2017-07-18', 3),
(5643, 4, '2017-07-17', 3),
(5642, 4, '2017-07-16', 3),
(5641, 4, '2017-07-15', 3),
(5640, 4, '2017-07-14', 3),
(5639, 4, '2017-07-13', 3),
(5638, 4, '2017-07-12', 3),
(5637, 4, '2017-07-11', 3),
(5636, 4, '2017-07-10', 3),
(5635, 4, '2017-07-09', 3),
(5634, 4, '2017-07-08', 3),
(5633, 4, '2017-07-07', 3),
(5632, 4, '2017-07-06', 3),
(5631, 4, '2017-07-05', 3),
(5630, 4, '2017-07-04', 3),
(5629, 4, '2017-07-03', 3),
(5628, 4, '2017-07-02', 3),
(5627, 4, '2017-07-01', 3),
(5626, 4, '2017-06-30', 3),
(5625, 4, '2017-06-29', 3),
(5624, 4, '2017-06-28', 3),
(5623, 4, '2017-06-27', 3),
(5622, 4, '2017-06-26', 3),
(5621, 4, '2017-06-25', 3),
(5620, 4, '2017-06-24', 3),
(5619, 4, '2017-06-23', 3),
(5618, 4, '2017-06-22', 3),
(5617, 4, '2017-06-21', 3),
(5616, 4, '2017-06-20', 3),
(5615, 4, '2017-06-19', 3),
(5614, 4, '2017-06-18', 3),
(5613, 4, '2017-06-17', 3),
(5612, 4, '2017-06-16', 3),
(5611, 4, '2017-06-15', 3),
(5610, 4, '2017-06-14', 3),
(5609, 4, '2017-06-13', 3),
(5608, 4, '2017-06-12', 3),
(5607, 4, '2017-06-11', 3),
(5606, 4, '2017-06-10', 3),
(5605, 4, '2017-06-09', 3),
(5604, 4, '2017-06-08', 3),
(5603, 4, '2017-06-07', 3),
(5602, 4, '2017-06-06', 3),
(5601, 4, '2017-06-05', 3),
(5600, 4, '2017-06-04', 3),
(5599, 4, '2017-06-03', 3),
(5598, 4, '2017-06-02', 3),
(5597, 4, '2017-06-01', 3),
(5596, 4, '2017-05-31', 3),
(5595, 4, '2017-05-30', 3),
(5594, 4, '2017-05-29', 3),
(5593, 4, '2017-05-28', 3),
(5592, 4, '2017-05-27', 3),
(5591, 4, '2017-05-26', 3),
(5590, 4, '2017-05-25', 3),
(5589, 4, '2017-05-24', 3),
(5588, 4, '2017-05-23', 3),
(5587, 4, '2017-05-22', 3),
(5586, 4, '2017-05-21', 3),
(5585, 4, '2017-05-20', 3),
(5584, 4, '2017-05-19', 3),
(5583, 4, '2017-05-18', 3),
(5582, 4, '2017-05-17', 3),
(5581, 4, '2017-05-16', 3),
(5580, 4, '2017-05-15', 3),
(5579, 4, '2017-05-14', 3),
(5578, 4, '2017-05-13', 3),
(5577, 4, '2017-05-12', 3),
(5576, 4, '2017-05-11', 3),
(5575, 4, '2017-05-10', 3),
(5574, 4, '2017-05-09', 3),
(5573, 4, '2017-05-08', 3),
(5572, 4, '2017-05-07', 3),
(5571, 4, '2017-05-06', 3),
(5570, 4, '2017-05-05', 3),
(5569, 4, '2017-05-04', 3),
(5568, 4, '2017-05-03', 3),
(5567, 4, '2017-05-02', 3),
(5566, 4, '2017-05-01', 3),
(5565, 4, '2017-04-30', 3),
(5564, 4, '2017-04-29', 3),
(5563, 4, '2017-04-28', 3),
(5562, 4, '2017-04-27', 3),
(5561, 4, '2017-04-26', 3),
(5560, 4, '2017-04-25', 3),
(5559, 4, '2017-04-24', 3),
(5558, 4, '2017-04-23', 3),
(5557, 4, '2017-04-22', 3),
(5556, 4, '2017-04-21', 3),
(5555, 4, '2017-04-20', 3),
(5554, 4, '2017-04-19', 3),
(5553, 4, '2017-04-18', 3),
(5552, 4, '2017-04-17', 3),
(5551, 4, '2017-04-16', 3),
(5550, 4, '2017-04-15', 3),
(5549, 4, '2017-04-14', 3),
(5548, 4, '2017-04-13', 3),
(5547, 4, '2017-04-12', 3),
(5546, 4, '2017-04-11', 3),
(5545, 4, '2017-04-10', 3),
(5544, 4, '2017-04-09', 3),
(5543, 4, '2017-04-08', 3),
(5542, 4, '2017-04-07', 3),
(5541, 4, '2017-04-06', 3),
(5540, 4, '2017-04-05', 3),
(5539, 4, '2017-04-04', 3),
(5538, 4, '2017-04-03', 3),
(6125, 295, '2018-01-07', 19),
(6124, 295, '2018-01-06', 12),
(6123, 295, '2018-01-05', 11),
(6122, 295, '2018-01-04', 11),
(6121, 295, '2018-01-03', 11),
(6120, 295, '2018-01-02', 11),
(6119, 295, '2018-01-01', 11),
(6118, 295, '2017-12-31', 19),
(6117, 295, '2017-12-30', 19),
(6116, 295, '2017-12-29', 14),
(6115, 295, '2017-12-28', 14),
(6114, 295, '2017-12-27', 14),
(6113, 295, '2017-12-26', 14),
(6112, 295, '2017-12-25', 14),
(6111, 295, '2017-12-24', 14),
(6110, 295, '2017-12-23', 2),
(6109, 295, '2017-12-22', 1),
(6108, 295, '2017-12-21', 1),
(6107, 295, '2017-12-20', 1),
(6106, 295, '2017-12-19', 1),
(6105, 295, '2017-12-18', 1),
(6104, 295, '2017-12-17', 19),
(6103, 295, '2017-12-16', 12),
(6102, 295, '2017-12-15', 11),
(6101, 295, '2017-12-14', 11),
(6100, 295, '2017-12-13', 11),
(6099, 295, '2017-12-12', 11),
(6098, 295, '2017-12-11', 11),
(6097, 295, '2017-12-10', 19),
(6096, 295, '2017-12-09', 19),
(6095, 295, '2017-12-08', 14),
(6094, 295, '2017-12-07', 14),
(6093, 295, '2017-12-06', 14),
(6092, 295, '2017-12-05', 14),
(6091, 295, '2017-12-04', 14),
(6090, 295, '2017-12-03', 14),
(6089, 295, '2017-12-02', 2),
(6088, 295, '2017-12-01', 1),
(6087, 295, '2017-11-30', 1),
(6086, 295, '2017-11-29', 1),
(6085, 295, '2017-11-28', 1),
(6084, 295, '2017-11-27', 1),
(6083, 295, '2017-11-26', 19),
(6082, 295, '2017-11-25', 12),
(6081, 295, '2017-11-24', 11),
(6080, 295, '2017-11-23', 11),
(6079, 295, '2017-11-22', 11),
(6078, 295, '2017-11-21', 11),
(6077, 295, '2017-11-20', 11),
(6076, 295, '2017-11-19', 19),
(6075, 295, '2017-11-18', 19),
(6074, 295, '2017-11-17', 14),
(6073, 295, '2017-11-16', 14),
(6072, 295, '2017-11-15', 14),
(6071, 295, '2017-11-14', 14),
(6070, 295, '2017-11-13', 14),
(6069, 295, '2017-11-12', 14),
(6068, 295, '2017-11-11', 2),
(6067, 295, '2017-11-10', 1),
(6066, 295, '2017-11-09', 1),
(6065, 295, '2017-11-08', 1),
(6064, 295, '2017-11-07', 1),
(6063, 295, '2017-11-06', 1),
(6062, 295, '2017-11-05', 19),
(6061, 295, '2017-11-04', 12),
(6060, 295, '2017-11-03', 11),
(6059, 295, '2017-11-02', 11),
(6058, 295, '2017-11-01', 11),
(6057, 295, '2017-10-31', 11),
(6056, 295, '2017-10-30', 11),
(6055, 295, '2017-10-29', 19),
(6054, 295, '2017-10-28', 19),
(6053, 295, '2017-10-27', 14),
(6052, 295, '2017-10-26', 14),
(6051, 295, '2017-10-25', 14),
(6050, 295, '2017-10-24', 14),
(6049, 295, '2017-10-23', 14),
(6048, 295, '2017-10-22', 14),
(6047, 295, '2017-10-21', 2),
(6046, 295, '2017-10-20', 1),
(6045, 295, '2017-10-19', 1),
(6044, 295, '2017-10-18', 1),
(6043, 295, '2017-10-17', 1),
(6042, 295, '2017-10-16', 1),
(6041, 295, '2017-10-15', 19),
(6040, 295, '2017-10-14', 12),
(6039, 295, '2017-10-13', 11),
(6038, 295, '2017-10-12', 11),
(6037, 295, '2017-10-11', 11),
(6036, 295, '2017-10-10', 11),
(6035, 295, '2017-10-09', 11),
(6034, 295, '2017-10-08', 19),
(6033, 295, '2017-10-07', 19),
(6032, 295, '2017-10-06', 14),
(6031, 295, '2017-10-05', 14),
(6030, 295, '2017-10-04', 14),
(6029, 295, '2017-10-03', 14),
(6028, 295, '2017-10-02', 14),
(6027, 295, '2017-10-01', 14),
(6026, 295, '2017-09-30', 2),
(6025, 295, '2017-09-29', 1),
(6024, 295, '2017-09-28', 1),
(6023, 295, '2017-09-27', 1),
(6022, 295, '2017-09-26', 1),
(6021, 295, '2017-09-25', 1),
(6020, 295, '2017-09-24', 19),
(6019, 295, '2017-09-23', 12),
(6018, 295, '2017-09-22', 11),
(6017, 295, '2017-09-21', 11),
(6016, 295, '2017-09-20', 11),
(6015, 295, '2017-09-19', 11),
(6014, 295, '2017-09-18', 11),
(6013, 295, '2017-09-17', 19),
(6012, 295, '2017-09-16', 19),
(6011, 295, '2017-09-15', 14),
(6010, 295, '2017-09-14', 14),
(6009, 295, '2017-09-13', 14),
(6008, 295, '2017-09-12', 14),
(6007, 295, '2017-09-11', 14),
(6006, 295, '2017-09-10', 14),
(6005, 295, '2017-09-09', 2),
(6004, 295, '2017-09-08', 1),
(6003, 295, '2017-09-07', 1),
(6002, 295, '2017-09-06', 1),
(6001, 295, '2017-09-05', 1),
(6000, 295, '2017-09-04', 1),
(5999, 295, '2017-09-03', 19),
(5998, 295, '2017-09-02', 12),
(5997, 295, '2017-09-01', 11),
(5996, 295, '2017-08-31', 11),
(5995, 295, '2017-08-30', 11),
(5994, 295, '2017-08-29', 11),
(5993, 295, '2017-08-28', 11),
(5992, 295, '2017-08-27', 19),
(5991, 295, '2017-08-26', 19),
(5990, 295, '2017-08-25', 14),
(5989, 295, '2017-08-24', 14),
(5988, 295, '2017-08-23', 14),
(5987, 295, '2017-08-22', 14),
(5986, 295, '2017-08-21', 14),
(5985, 295, '2017-08-20', 14),
(5984, 295, '2017-08-19', 2),
(5983, 295, '2017-08-18', 1),
(5982, 295, '2017-08-17', 1),
(5981, 295, '2017-08-16', 1),
(5980, 295, '2017-08-15', 1),
(5979, 295, '2017-08-14', 1),
(5978, 295, '2017-08-13', 19),
(5977, 295, '2017-08-12', 12),
(5976, 295, '2017-08-11', 11),
(5975, 295, '2017-08-10', 11),
(5974, 295, '2017-08-09', 11),
(5973, 295, '2017-08-08', 11),
(5972, 295, '2017-08-07', 11),
(5971, 295, '2017-08-06', 19),
(5970, 295, '2017-08-05', 19),
(5969, 295, '2017-08-04', 14),
(5968, 295, '2017-08-03', 14),
(5967, 295, '2017-08-02', 14),
(5966, 295, '2017-08-01', 14),
(5965, 295, '2017-07-31', 14),
(5964, 295, '2017-07-30', 14),
(5963, 295, '2017-07-29', 2),
(5962, 295, '2017-07-28', 1),
(5961, 295, '2017-07-27', 1),
(5960, 295, '2017-07-26', 1),
(5959, 295, '2017-07-25', 1),
(5958, 295, '2017-07-24', 1),
(5957, 295, '2017-07-23', 19),
(5956, 295, '2017-07-22', 12),
(5955, 295, '2017-07-21', 11),
(5954, 295, '2017-07-20', 11),
(5953, 295, '2017-07-19', 11),
(5952, 295, '2017-07-18', 11),
(5951, 295, '2017-07-17', 11),
(5950, 295, '2017-07-16', 19),
(5949, 295, '2017-07-15', 19),
(5948, 295, '2017-07-14', 14),
(5947, 295, '2017-07-13', 14),
(5946, 295, '2017-07-12', 14),
(5945, 295, '2017-07-11', 14),
(5944, 295, '2017-07-10', 14),
(5943, 295, '2017-07-09', 14),
(5942, 295, '2017-07-08', 2),
(5941, 295, '2017-07-07', 1),
(5940, 295, '2017-07-06', 1),
(5939, 295, '2017-07-05', 1),
(5938, 295, '2017-07-04', 1),
(5937, 295, '2017-07-03', 1),
(5936, 295, '2017-07-02', 19),
(5935, 295, '2017-07-01', 12),
(5934, 295, '2017-06-30', 11),
(5933, 295, '2017-06-29', 11),
(5932, 295, '2017-06-28', 11),
(5931, 295, '2017-06-27', 11),
(5930, 295, '2017-06-26', 11),
(5929, 295, '2017-06-25', 19),
(5928, 295, '2017-06-24', 19),
(5927, 295, '2017-06-23', 14),
(5926, 295, '2017-06-22', 14),
(5925, 295, '2017-06-21', 14),
(5924, 295, '2017-06-20', 14),
(5923, 295, '2017-06-19', 14),
(5922, 295, '2017-06-18', 14),
(5921, 295, '2017-06-17', 2),
(5920, 295, '2017-06-16', 1),
(5919, 295, '2017-06-15', 1),
(5918, 295, '2017-06-14', 1),
(5917, 295, '2017-06-13', 1),
(5916, 295, '2017-06-12', 1),
(5915, 295, '2017-06-11', 19),
(5914, 295, '2017-06-10', 12),
(5913, 295, '2017-06-09', 11),
(5912, 295, '2017-06-08', 11),
(5911, 295, '2017-06-07', 11),
(5910, 295, '2017-06-06', 11),
(5909, 295, '2017-06-05', 11),
(5908, 295, '2017-06-04', 19),
(5907, 295, '2017-06-03', 19),
(5906, 295, '2017-06-02', 14),
(5905, 295, '2017-06-01', 14),
(5904, 295, '2017-05-31', 14),
(5903, 295, '2017-05-30', 14),
(5902, 295, '2017-05-29', 14),
(5901, 295, '2017-05-28', 14),
(5900, 295, '2017-05-27', 2),
(5899, 295, '2017-05-26', 1),
(5898, 295, '2017-05-25', 1),
(5897, 295, '2017-05-24', 1),
(5896, 295, '2017-05-23', 1),
(5895, 295, '2017-05-22', 1),
(5894, 295, '2017-05-21', 19),
(5893, 295, '2017-05-20', 12),
(5892, 295, '2017-05-19', 11),
(5891, 295, '2017-05-18', 11),
(5890, 295, '2017-05-17', 11),
(5889, 295, '2017-05-16', 11),
(5888, 295, '2017-05-15', 11),
(5887, 295, '2017-05-14', 19),
(5886, 295, '2017-05-13', 19),
(5885, 295, '2017-05-12', 14),
(5884, 295, '2017-05-11', 14),
(5883, 295, '2017-05-10', 14),
(5882, 295, '2017-05-09', 14),
(5881, 295, '2017-05-08', 14),
(5880, 295, '2017-05-07', 14),
(5879, 295, '2017-05-06', 2),
(5878, 295, '2017-05-05', 1),
(5877, 295, '2017-05-04', 1),
(5876, 295, '2017-05-03', 1),
(5875, 295, '2017-05-02', 1),
(5874, 295, '2017-05-01', 1),
(5873, 295, '2017-04-30', 19),
(5872, 295, '2017-04-29', 12),
(5871, 295, '2017-04-28', 11),
(5870, 295, '2017-04-27', 11),
(5869, 295, '2017-04-26', 11),
(5868, 295, '2017-04-25', 11),
(5867, 295, '2017-04-24', 11),
(5866, 295, '2017-04-23', 19),
(5865, 295, '2017-04-22', 19),
(5864, 295, '2017-04-21', 14),
(5863, 295, '2017-04-20', 14),
(5862, 295, '2017-04-19', 14),
(5861, 295, '2017-04-18', 14),
(5860, 295, '2017-04-17', 14),
(5859, 295, '2017-04-16', 14),
(5858, 295, '2017-04-15', 2),
(5857, 295, '2017-04-14', 1),
(5856, 295, '2017-04-13', 1),
(5855, 295, '2017-04-12', 1),
(5854, 295, '2017-04-11', 1),
(5853, 295, '2017-04-10', 1),
(5852, 295, '2017-04-09', 19),
(5851, 295, '2017-04-08', 12),
(5850, 295, '2017-04-07', 11),
(5849, 295, '2017-04-06', 11),
(5848, 295, '2017-04-05', 11),
(5847, 295, '2017-04-04', 11),
(5846, 295, '2017-04-03', 11),
(5845, 295, '2017-04-02', 19),
(5844, 295, '2017-04-01', 19),
(5843, 295, '2017-03-31', 14),
(5842, 295, '2017-03-30', 14),
(5841, 295, '2017-03-29', 14),
(5840, 295, '2017-03-28', 14),
(5839, 295, '2017-03-27', 14),
(5838, 295, '2017-03-26', 14),
(5837, 295, '2017-03-25', 2),
(5836, 295, '2017-03-24', 1),
(5835, 295, '2017-03-23', 1),
(5834, 295, '2017-03-22', 1),
(5833, 295, '2017-03-21', 1),
(5832, 295, '2017-03-20', 1),
(5831, 295, '2017-03-19', 19),
(5830, 295, '2017-03-18', 12),
(5829, 295, '2017-03-17', 11),
(5828, 295, '2017-03-16', 11),
(5827, 295, '2017-03-15', 11),
(5826, 295, '2017-03-14', 11),
(5825, 295, '2017-03-13', 11),
(5824, 295, '2017-03-12', 19),
(5823, 295, '2017-03-11', 19),
(5822, 295, '2017-03-10', 14),
(5821, 295, '2017-03-09', 14),
(5820, 295, '2017-03-08', 14),
(5819, 295, '2017-03-07', 14),
(5818, 295, '2017-03-06', 14),
(5817, 295, '2017-03-05', 14),
(5816, 295, '2017-03-04', 2),
(5815, 295, '2017-03-03', 1),
(5814, 295, '2017-03-02', 1),
(5813, 295, '2017-03-01', 1),
(5812, 295, '2017-02-28', 1),
(5811, 295, '2017-02-27', 1);

-- --------------------------------------------------------

--
-- Table structure for table `t_jdw_krj_peg`
--

CREATE TABLE IF NOT EXISTS `t_jdw_krj_peg` (
  `jdw_id` int(11) NOT NULL AUTO_INCREMENT,
  `pegawai_id` int(11) NOT NULL,
  `tgl1` date NOT NULL,
  `tgl2` date DEFAULT NULL,
  `jk_id` int(11) NOT NULL,
  PRIMARY KEY (`jdw_id`)
) ENGINE=MyISAM  DEFAULT CHARSET=latin1 AUTO_INCREMENT=23 ;

--
-- Dumping data for table `t_jdw_krj_peg`
--

INSERT INTO `t_jdw_krj_peg` (`jdw_id`, `pegawai_id`, `tgl1`, `tgl2`, `jk_id`) VALUES
(1, 1, '2017-04-03', '2017-04-07', 1),
(8, 1, '2017-04-08', '2017-04-08', 2),
(3, 1, '2017-04-09', '2017-04-13', 14),
(4, 1, '2017-04-14', '2017-04-14', 15),
(5, 1, '2017-04-15', '2017-04-15', 17),
(6, 1, '2017-04-16', '2017-04-21', 11),
(7, 1, '2017-04-22', '2017-04-22', 12),
(9, 2, '2017-04-03', '2017-04-07', 1),
(10, 2, '2017-04-08', '2017-04-08', 2),
(11, 2, '2017-04-09', '2017-04-09', 1),
(12, 3, '2017-04-03', '2017-04-07', 3),
(13, 3, '2017-04-08', '2017-04-09', 3),
(14, 4, '2017-04-03', '2017-04-09', 3),
(15, 295, '2017-02-27', '2017-03-03', 1),
(16, 295, '2017-03-04', '2017-03-04', 2),
(17, 295, '2017-03-05', '2017-03-10', 14),
(22, 295, '2017-03-19', '2017-03-19', 19),
(19, 295, '2017-03-13', '2017-03-17', 11),
(20, 295, '2017-03-18', '2017-03-18', 12),
(21, 295, '2017-03-11', '2017-03-12', 19);

-- --------------------------------------------------------

--
-- Table structure for table `t_jk`
--

CREATE TABLE IF NOT EXISTS `t_jk` (
  `jk_id` int(11) NOT NULL AUTO_INCREMENT,
  `jk_nm` varchar(100) NOT NULL,
  `jk_kd` varchar(50) NOT NULL,
  `jk_m` time NOT NULL,
  `jk_k` time NOT NULL,
  `jk_ket` text,
  PRIMARY KEY (`jk_id`)
) ENGINE=MyISAM  DEFAULT CHARSET=latin1 AUTO_INCREMENT=21 ;

--
-- Dumping data for table `t_jk`
--

INSERT INTO `t_jk` (`jk_id`, `jk_nm`, `jk_kd`, `jk_m`, `jk_k`, `jk_ket`) VALUES
(1, 'Shift 1, 06-14', 'S10614', '06:00:00', '14:00:00', NULL),
(2, 'Shift 1, 06-11', 'S10611', '06:00:00', '11:00:00', NULL),
(3, 'Shift 1, 07-15', 'S10715', '07:00:00', '15:00:00', NULL),
(4, 'Shift 1, 07-12', 'S10712', '07:00:00', '12:00:00', NULL),
(5, 'Shift 1, 08-16', 'S10816', '08:00:00', '16:00:00', NULL),
(7, 'Shift 1, 06-15', 'S10615', '06:00:00', '15:00:00', NULL),
(8, 'Shift 1, 07-16', 'S10716', '07:00:00', '16:00:00', NULL),
(9, 'Shift 1, 07:15-16:15', 'S107151615', '07:15:00', '16:15:00', NULL),
(10, 'Shift 1, 09-18', 'S10918', '09:00:00', '18:00:00', NULL),
(11, 'Shift 2, 14-22', 'S21422', '14:00:00', '22:00:00', NULL),
(12, 'Shift 2, 11-16', 'S21116', '11:00:00', '16:00:00', NULL),
(13, 'Shift 2, 15-23', 'S21523', '15:00:00', '23:00:00', NULL),
(14, 'Shift 3, 22-06', 'S32206', '22:00:00', '06:00:00', NULL),
(15, 'Shift 3, 22-05', 'S32205', '22:00:00', '05:00:00', NULL),
(17, 'Shift 3, 16-21', 'S31621', '16:00:00', '21:00:00', NULL),
(18, 'Shift 3, 23-07', 'S32307', '23:00:00', '07:00:00', NULL),
(19, 'Shift 2, Libur', 'Shift 2, Libur', '14:00:00', '22:00:00', NULL),
(20, 'Shift 3, Libur', 'Shift 3, Libur', '22:00:00', '05:00:00', NULL);

/*!40101 SET CHARACTER_SET_CLIENT=@OLD_CHARACTER_SET_CLIENT */;
/*!40101 SET CHARACTER_SET_RESULTS=@OLD_CHARACTER_SET_RESULTS */;
/*!40101 SET COLLATION_CONNECTION=@OLD_COLLATION_CONNECTION */;
